subword,entropy
pasi,0.3933882053655387
##mula,1.2715099384236028
##lik,1.8157633947297231
langit,0.5485764138003315
anyo,0.9930913992076
lama,0.34955453349435456
kad,1.4951849760630154
##ili,0.664388265147802
ibabaw,0.5278681106893389
##lima,0.9870772507998171
Es,0.9910864140431124
##pir,2.5699474601206456
##itu,1.6709827841274376
Mag,0.3641498110046611
##kar,0.3965707405219817
##wana,2.0381180300274515
##uti,1.0158018187699929
Ara,1.2311464072959373
Ga,0.3184711750354384
##kah,2.14288027017345
##apon,2.584962500721156
##kau,1.4814183393660858
##maga,0.7973272157692852
unang,0.849572696608616
##wak,0.4885731165933397
##tna,0.5881032699386238
mah,1.4610697317586532
##iwal,0.7956389821491099
##alim,1.8162558581728423
##aa,0.6625847706982302
Map,0.4477098669650046
##isan,0.44328382097334595
sil,0.8250015936509618
##mita,0.7789343218404549
##uy,2.95882427813714
##uan,0.6717006821822173
Lu,1.1367999932011197
##isana,2.2005930084021172
Dag,3.241369917663321
##bula,0.5613140144933182
dam,1.0558742641918972
##ani,0.6866817065051589
##nh,4.339282139363515
##ho,1.0548982266107902
nam,0.5554977438821476
##umu,0.45405220338223784
##ah,0.8781693289914787
##oy,0.5722050177913837
##lay,1.000789994599715
binh,1.5284301232971031
sini,0.7955669670258166
##kap,0.9827701843693928
##anan,1.0866586690686035
##im,0.6885240589807274
##tl,2.573348880769769
tan,2.453152815918641
##gla,0.48823221845541875
gab,1.059503332961284
##akat,3.0550094683275733
##anda,0.4076028809724037
##agi,1.1321028228513805
##king,0.7653234006374574
##pun,0.7484959313706028
bit,0.958049270064517
##uin,0.9216028027297094
Bu,0.7255981591445004
##kalan,4.085249815214547
saga,0.8570337559700406
##sili,0.41046133124796336
##pad,0.7588353901008127
##bon,1.6627386195984468
him,0.8313209615042687
##wid,0.4101258823712548
hay,1.243009584534218
##op,0.5475666647992988
dagat,0.7479534718275115
##nu,0.7072021794456743
##kal,1.0899176719036352
##ikan,0.4653389833885748
uri,3.28708097012787
##basan,0.6619513526748568
Kay,0.3709241052992735
##anak,0.48901797813376113
##rami,1.8679945488574548
pun,1.3020727571904493
um,0.7844444887871482
##uus,1.379136773621313
gan,1.5531630684058904
La,1.1976831551652065
lar,0.7267908817463823
##awan,1.0891777157263354
wa,2.0422411971230425
##ngi,0.7261309398531273
##ius,1.1679470097812792
su,0.8632822456701146
##pili,1.6407712628923956
##rito,1.4746609211295634
bala,0.5444589585702411
bunga,0.39126076834109225
##but,1.1870740493708227
nay,1.3113801703550296
nata,1.0141836203240482
##tana,0.11325477255747933
##yon,0.6242302931676039
##pito,2.6480853178161516
##inga,0.7928286362913584
##dla,0.709851689575864
##lin,0.5216006044165596
Ito,1.0193696460622963
lik,2.4102620927957052
##hain,0.26267330506989284
noong,0.22981906657717976
wala,1.7537877155449426
##mut,1.0608305511608815
(,1.2250740547415901
##au,1.359248608502726
),1.6186161681485807
##buk,0.6914408244665938
##ait,2.8753857994126895
dini,2.030774475772796
##lig,2.068415977595535
##bok,0.41008927852295635
hini,0.1774665223960325
but,2.7887329589891108
halaman,2.6057205945535613
Eden,0.12816807250434636
ro,1.7164884225867132
##atu,0.5323534002180891
##alu,0.9681816872586427
##lug,1.0487287575175566
##od,0.5644258293628603
pani,0.9564592222530718
##ngin,1.1970877068971966
##uting,1.7879670044515195
##ilig,0.35988446367057775
Pi,1.8456125330068787
##mil,1.0348625643693825
##igi,0.8453509366224365
Ha,0.8317094260281478
##h,0.3394181941279459
##nto,0.5748193839118149
oni,1.2858265642598814
##x,4.761048717965763
G,0.9847491953106738
##ih,2.969997891096434
Cu,0.6955921452996318
Hi,1.7751108711806252
##agos,3.459431618637298
tapa,0.4095144353668447
As,1.243022149904861
##iria,0.9436922443548486
Eu,2.5732225108242055
##fra,2.108272373073464
##tes,0.5072191287308142
##gaan,1.6354981962115098
inga,0.8733994725237028
##utos,0.5718337381414655
##ain,0.4128018732572062
Data,1.3869610626465858
kang,1.4347019999801862
##main,1.1275498815723919
##sala,2.3670569572078963
##isa,1.2480527601448785
##dada,0.6134251171907088
maal,1.9893697307190972
##aman,0.7116177936995538
##angan,0.8825386999196151
data,0.5366098409934901
##ump,1.1380673776118622
##ungan,0.6472788598002135
##ulu,0.40075147776757564
kawasan,1.7470154794877775
##bing,1.690334901886046
##yang,0.8112781244591328
##ghi,0.5451996596958743
##ging,0.9812413492662915
Baba,3.1053885422075336
Kaya,1.1421905348298058
ii,0.9030753066593503
##kip,0.9827605710621646
hub,2.3190984711164933
##ahi,0.824066302058544
ah,0.5205301143975287
##so,0.4240164966805932
Tun,0.4976070683845097
bang,1.1216682405566667
##hip,2.0889465390884654
tala,0.4214739392688299
##stas,0.7161398633671993
##did,2.012131701320055
##kil,0.5024307111411536
manana,0.5983331176767249
##pan,0.19290618227632217
##tas,0.6248465477459111
nad,3.2998963911678914
##hon,0.5418816280240873
ig,0.962527115231645
##api,1.1015072078162818
##mala,0.27910889222120117
##kad,0.7255207200440797
##lim,1.8378581328449435
##tago,2.056767649969672
##apan,0.7950692613039899
##rini,0.7512504939952449
##kot,0.3260081247459362
Sino,0.4399108554967611
##bain,0.36788019284639084
Ano,1.2585027101034845
Dina,4.357103062370963
##git,1.8180976135917237
ti,0.9377020564311968
##tin,1.7160278934720061
dud,4.234183719779189
##uro,2.0507845129171374
##kong,0.38353741059716207
Sina,1.2250214566961004
Para,0.17787908914244535
kong,0.6269249661012761
lub,0.39701711571692344
##lum,2.8863705290663613
##hir,1.5492648412719525
##uh,0.49922754713269235
##oba,1.136104648628105
Adam,0.3154024824113395
##gal,1.9763653347667316
##isi,0.6424981412886337
##bol,0.862269366501657
##wis,0.34298506080744207
##kha,0.506309594672134
mau,0.5958030062388721
##wi,0.5226844017501489
u,0.46090033749668935
##uut,3.0975882033079785
iu,1.5725981258798423
##nat,1.583221970254077
##yas,1.9203112218990708
##kir,3.9794033388709775
##kun,0.5198757774150041
##boy,1.4136470538167423
##nini,1.8417800669440747
taba,0.5833932777247274
##ii,0.744497900954476
##ung,2.4660149714800172
##lih,0.6275826272673581
Cain,3.2822126670029275
Nag,0.2530222677644524
##kaan,2.629565212212998
Abel,1.5038565286467693
##gala,0.5360375422923729
main,0.7335047117905631
##kit,0.5278791173612981
##rap,0.7077261379862435
##atin,0.7242207097594973
nah,1.202245193669805
##ahan,1.2821007951593568
pintu,1.9850389497783034
papan,0.4065611125465448
##dig,2.213790106444898
Ay,1.082299195931838
##bant,2.8538869480717257
dugo,1.0527903079208585
##ada,0.5153120968999795
##gap,0.6822890344943748
Pa,0.9182958340544896
ham,0.7215369113478891
##pas,1.1150103233894517
##arus,3.3173281803452364
##abat,3.254965059354758
##inata,0.5446873306475942
##lu,1.2860663399898458
##sum,0.973296168646312
##pon,0.40140654016950905
Da,2.5998303989631264
##hil,1.4197390028804198
dito,1.398079841259366
##gant,1.1286660133411335
##lag,0.5059661111219932
tanda,1.8482010868046186
##gatan,1.6567212789857362
##lis,0.5087744451482561
No,0.5767688978336509
Eno,1.8213487346073978
##c,0.7006646525341689
Me,2.1724364085506274
##hu,0.6334179914182809
##el,0.6096457503023227
##usa,0.8651358910351534
Lam,5.077537884518458
##ec,0.39485228409907636
Ada,2.2549195638832438
Zi,1.2672997821130156
told,1.0274295475234738
##ug,1.2342418258701828
##tog,2.416570377182834
al,0.6382727668804685
Tu,1.6095783042620841
##bal,1.7352410722441498
##mand,4.474269203549112
##gamit,0.510140237481301
bakal,1.3403680620286038
Naam,4.13283660606853
##kini,1.6274205549276923
sala,0.7682827253672428
##ys,0.49282352380880934
##ugat,3.6788636986757184
##ampa,1.5304464249972272
tun,1.9632919041415622
ani,1.6469340662560945
##hali,0.8964494462239084
##asi,1.4708431135637852
##taw,2.4469218422843024
ak,1.8524716879495042
##lat,0.641841350756471
lah,1.8065411560901554
ha,0.8890724539890977
##wig,3.4072939785682794
##kata,0.7888553504368243
mai,1.6191300030099463
iki,0.36868657329201127
ra,1.9684018564164703
lima,1.3489596891177553
labing,0.6651615672227573
Mahal,1.148166686911337
##ale,1.1046538508228096
##pung,1.003445406570001
Mat,2.659229913921738
##em,3.651236543023177
##galan,1.3639128829396316
Sem,1.3824992962470046
Cham,4.336621840687443
Ja,0.7688998673756933
##phe,1.9389276418548194
##pasi,0.9877024904272189
##ami,2.3158856246691277
##iku,0.510807564715636
##ping,0.9874025405962124
ban,0.9772697717438728
##iga,0.9389315136543247
hak,0.9772787430710326
lamang,0.5985148156854427
##ti,0.778982437041576
##pul,2.811082509006771
##isis,3.3219280948873626
##asu,0.8256212675461544
##mpong,0.30528045500087064
##dal,0.770556559837837
##hun,2.724268617521803
##hasa,1.007378098375821
##nan,0.3734035642753944
##lip,2.265382620617873
##ulin,0.8698822220923528
##uma,1.2475071747181439
##sak,0.5842029121541915
sisi,0.8306415880592048
##ksi,0.6215668591185581
##iton,0.9851860887629376
sik,1.1781236013801029
hab,0.544286537379975
taas,2.697519149087131
Gaga,3.872615098626619
##unga,1.0238306130380728
##asan,0.933147573188927
##ilir,1.7842025504538357
lap,0.8279127552343504
##pada,0.5420902403814155
##titi,1.9444580489078092
tipa,0.7128448671227766
##abu,0.8152646058654002
##sama,0.9187307883476823
im,3.5090356337908912
Gay,0.20326524600439802
##itan,0.6908585611243879
##nis,1.2506542539335317
##ku,1.4057553604583146
##tang,1.0603132809793887
pau,3.8519530742463752
##kara,3.5450886232703414
##ra,0.36808478437174613
##hang,0.3328429422796084
##san,0.5824673416023957
##bat,1.1750073533598218
maa,0.19788114395031678
##mo,1.0119111950676336
##sari,0.36921425509915556
##sida,2.770898686968852
##ting,0.7735058993395924
##sil,1.7702401906604033
##dok,0.9649916108607564
idi,2.0868048699024486
tuy,2.828042041407447
##ira,0.5392009904821521
##ip,0.8456084463477301
##mu,1.4363059339229152
Nat,0.6557527427671478
dung,0.3275668368916862
ulan,2.2381766600518316
##mati,1.5735336338540693
##sang,0.7785807164346572
tal,0.36464787662579645
##ukt,2.711658378301493
##uks,1.6657072004684088
##pali,0.5153069268952188
##paro,1.133932838908682
pari,0.7049714008388281
##pati,1.665125675367475
ting,0.2774467859220223
##pua,3.2359263506290326
##una,0.625132395258066
##sok,0.42157126088131436
##hong,0.7252479505234377
nau,0.611408823800627
taki,1.3462892183103636
##mana,0.9762192521666617
##mun,1.6193641375120695
##sad,3.0378983461946465
Il,0.6621845885284884
##ida,0.685236328819367
angka,0.7343305514658588
##ilu,0.40477297119648054
##ayo,0.7630648702344104
##unu,0.4817474609036856
amo,0.4867433959505944
##kab,0.8343091206566143
Sama,1.3687112450556451
##ntal,3.203732547566147
##kat,0.529709265461354
##hah,1.1198745691731593
##aani,3.32441274757242
##mig,0.8497916757565052
init,3.694337153662201
tako,0.6170204134607886
##pasa,1.100286080324643
##ni,1.6061221500809224
##hing,1.8089357334973275
sul,1.920006675175562
##ago,0.4283106293547535
ri,3.6749706902909134
##agt,0.83682852793836
##iti,1.759143686754069
##unod,0.5721051412622594
pati,2.0737465850141947
##gha,0.422695641364354
##ri,1.1152780395025694
##hani,1.0185592344349343
##lagd,1.1408371997268674
pasa,1.9543835943859937
##sd,2.8876484122261843
##aal,0.3527751780566723
Can,2.5454979899623336
##uba,1.1916953797219942
##ran,0.6164108909789869
##baran,3.109265864733372
##rong,1.7958386507847046
##ising,0.2555051833259538
##song,4.107178836164865
Su,0.9182958340544896
!,1.393989851665766
Siya,0.5772687704007096
##pin,0.5551653319458624
P,0.49617020086267416
##uri,2.145733345148287
Pak,1.302135867457686
mati,0.7406950371509721
saling,1.289707993189228
Go,0.7549845576459122
##mer,0.8103281078433289
Mad,1.5778186219636363
##ai,1.668448568890308
##ch,1.5149918889423488
Ti,1.1066813503297286
Az,0.6743935172171077
##az,4.769999632950687
R,3.8438983148537904
To,3.0
Elisa,2.7916407758042836
Ta,0.7294363046705079
##rsi,3.1477251970654674
Ci,2.959202271250859
Do,4.806206693279236
pulo,0.8475161298401029
bansa,0.9073297337293148
wi,0.30214953671847034
Mi,1.0788148386208531
##z,0.5078558183943617
##rai,2.5522773579548015
Ph,0.6465894925875428
##ut,0.4351746796970151
Se,1.3913108534565404
Ra,0.8920506822374021
She,3.389855730701163
De,2.3821245009899044
##dan,1.1589754791205389
Ni,0.7926909198632872
##imu,3.6815007074438526
Er,4.4081732449603
##ech,1.3356976717539952
A,0.7642045065086203
Cal,2.6467676613008333
##ar,0.6992852196571071
##ve,3.3814267291363396
Re,0.7779800632982136
##bot,0.6147171109924625
##ir,2.1522959836796036
Res,4.214126190390665
##sen,3.594339710220243
Ana,1.5527167032488725
Le,0.40682743052515524
##hab,1.2373387945051426
##ph,1.3603762240781927
##tu,0.587458692243777
##him,0.8997437586982626
##rus,1.6756912338534382
Ca,2.2238968580491285
Fi,3.4216999005702227
##liste,2.825707275325071
Sid,2.6622267414466583
Het,1.014242642848591
##bus,2.267395482473197
##eo,1.5201703294457074
Amor,1.8874165445870301
##r,1.1396320131930546
##he,2.5756001160316306
##ese,0.521247664804013
He,0.6274186659404887
##veo,0.48673937757723673
##ceo,0.8315004746184003
Sin,1.5154891066279188
##io,2.7054479596478926
##reo,0.7241469361419354
Ama,0.3891354584813934
##ane,2.1124317460071285
##gana,1.6581358570909925
Gera,0.27063187266674354
Gaza,0.8201670297449971
So,2.7627556415090444
##dom,0.819221118771117
##mor,0.2703593390776104
Ad,0.2990383599385041
Ze,1.3395199137824474
##ber,3.217085233547486
ring,0.8308714858214759
##ndan,1.085118922284897
Ela,1.7175407184819302
Ass,3.056564762130954
##ur,0.2364981432061469
Ar,1.375621656695644
##pha,0.9006322249227099
##xa,5.0969298226234026
Uz,2.0317139789115037
Get,3.277923690473527
##her,0.6316392985718114
Mas,3.719069961496161
Sala,5.2435779116632695
Pel,0.2716586583190778
##eg,1.045617158268666
Jo,0.807431236578739
##dad,5.3403969881877895
##le,5.469340499027519
##zar,2.7806390622295662
##vet,3.8177234068432506
##rah,1.1254857136517702
Had,0.45850078941913797
##ora,4.978667235718554
##al,0.576979129755095
Di,0.7715724513119591
##cla,4.07914337402601
Oba,3.831764999940072
Abi,0.8772331042178644
##mael,2.623605511406966
Op,3.1454331963440563
Job,0.3558066148670738
ta,0.9897543746893737
Mesa,0.3071845538096206
Sep,1.1493052365713285
##har,3.965664646621165
Hal,0.7861410116851818
##ika,1.0073548170437692
##tui,3.3392433585449677
##un,3.253928757409656
##ring,1.6874145795503752
ar,0.4313754327527265
##gama,1.2868806978964016
##tag,1.4960525837479408
gul,0.6050735203006169
##last,0.2868355762793455
Gan,1.3000113835076115
##alang,2.2555201769071447
##nul,0.5125299204715719
May,0.5368123250267155
##u,0.5770858493697689
Ser,1.4008884998378393
Nach,0.11494244546371436
##or,0.5069877135798216
Tha,0.5992044845299199
##re,0.6070465691487452
Ab,1.4720574477860315
##ram,0.8605557327274906
Hara,1.1656224088913048
Lot,0.3370626398343166
##deo,2.5872739321280607
##gas,0.5159111112539938
Sara,0.6414415995158665
Mil,4.178419619169109
##ca,1.4126859398712401
Is,1.005049587441692
bao,1.6585783356488768
##uga,0.8263260097203691
sama,1.3930021711961071
##sia,0.6699373169010936
##sita,1.3950597598541972
Uma,0.4015038750082438
itu,2.088915256302308
##tur,1.7191354846871345
kita,2.0589540066911414
pada,0.7587676842185012
##daki,1.9698511699216563
##lain,0.1917834665986838
kapal,0.4501761169756782
##aran,1.6252686431643701
yu,0.45608144330740386
sinal,1.594155735756985
##inama,0.5118298829392858
##ipo,1.6526763088916823
##chem,2.4642049351843385
en,3.7785043666135603
##cina,0.5949045310823143
no,2.1506386194892255
Beth,0.9915859618145583
##lun,2.8239546436479914
##uran,0.706555368432769
Hai,3.2979564149073735
##mbit,3.4695443569727304
##tul,0.5662231615995985
Tim,1.1322229858588617
##gut,0.4798761702757777
##om,0.7709059572791042
Egipto,0.7035172726358065
mani,0.42818065898701174
E,1.0681181467671423
##cio,0.4480526637580482
ili,1.0248171910366077
##ligt,2.5242634930062757
##inas,2.614279653066898
##amo,1.1856074551759177
##mas,0.8639423666928752
prinsip,0.7818209911858973
Far,1.5323471508520967
##ao,0.7864485311278464
##itaan,1.4290712951771958
nito,0.8402548341822214
as,1.6711516371018706
##no,1.271892664918721
kam,0.8097371616563687
##ely,1.2508447386113233
##haya,1.0162858279214686
kuni,0.17049803829759874
##bili,2.3378341223478256
toto,0.45107583371311544
maya,0.5926157188677057
pi,0.6204198444350106
##yanan,2.812782261586588
mana,0.6565712303314257
maar,5.229322853112006
pastor,0.4412733324876493
##ere,4.220374172090445
##ze,3.7445862621690775
nan,0.991644503280631
##hik,1.3214165373192306
Hum,0.5849570104791904
kali,1.331805109161232
kanan,1.3756132828009753
##ining,0.9453052963896076
Jordan,1.453570223898726
##ubi,2.4139085020207487
Zo,3.1190765460598757
masas,0.18723878139517647
It,0.33689616841819914
##ingi,0.6423335363145997
hil,0.6133399434884172
tim,0.7323399366835719
##ibil,3.269825088889614
##kari,0.289208460234568
Ma,1.2225916980733718
##bron,1.491123325116381
Am,0.42631269892969764
##hel,1.9921182085082507
Ari,2.704273170231676
##sar,5.3925568319214285
Che,3.2501910145603414
##bak,1.2324480630394916
Be,2.2213236705165484
##ab,0.7305569205529853
Bela,2.0
Ala,1.198647657233331
##gli,0.9843660274618987
##ktan,1.2016408354300236
##th,0.9739696086030811
Car,0.2508447880480802
##nai,1.910280997928599
Ham,1.7845146174013595
Ho,0.2475816528808331
##ukan,3.727455563011495
Sei,2.8743957338888713
El,0.592634101891279
##para,1.3213362803327313
ilang,0.9171680636279613
En,0.5689419450234938
##mis,1.41497211770781
##des,2.0073980278239993
##lec,0.2738806955597276
tam,2.5644224758147494
dili,0.2739416890914237
humana,3.9682347536150693
Laba,1.2419346412127479
##och,0.05822069647844633
##ahu,1.1151915018545986
##log,0.5205301143975287
##msa,3.2555474844671104
##siya,1.8710981419946024
##nah,2.2652690951230143
##atan,0.7852131431718751
##nali,0.4477022268386791
##bre,3.9898501816445715
##kamp,1.1285750850484142
sub,1.1643847674962842
##abo,0.8678437467654554
Dan,1.0044494391355558
##away,0.6963853368303664
Dama,0.32632660211784925
##sco,2.3157555497210915
##labas,0.37654088722687845
##pata,0.8221375686056137
Mel,1.878136789242864
##quis,0.1653667755423414
##ede,1.8568238886277233
Kata,3.5298971664809824
##asta,1.0786846393658183
ari,2.688905162619001
pur,2.55998720177651
##ihin,1.7216634761230454
bahagi,0.7778895642670814
sam,1.4806420209818343
##sam,1.2966977342183894
gana,0.8772043824197557
##inum,2.2246854000377922
##uli,0.6694286343514504
##uko,0.5244835455807371
Pin,0.8578488297273273
Liban,0.19036478777215854
Pagka,0.5167051330517505
kalas,2.838314729566398
gant,3.836169071622868
daki,0.31544425736239434
Eli,0.398808671576204
##ezer,0.6866271847141047
##gma,1.4199437603754332
bilang,0.9947115098583398
##lata,0.9320430971875059
##nila,1.2561530074034755
##iran,0.8065574314174355
Ako,0.9436232993974927
##anon,1.6973662456132497
Magda,0.1635730112636402
rito,0.44077387896070536
##gang,0.6327298288626579
gula,2.950869255759314
##agh,2.6637198794791237
##kala,1.1078120455509828
##bong,0.7198958020143119
##lub,0.6327804547394251
##atul,1.6722516520145654
bansang,2.293683681080813
##kura,0.852547307747274
pay,1.873014622449158
##lib,0.6780833023101582
##nda,0.8692347857904937
##lasa,2.2178651890580983
##dili,3.0785715903844455
hur,0.174720196129849
##non,0.5595794192415666
Cine,4.49663563392426
Ce,2.7392183530306986
Aga,4.066596164501962
##langan,1.402407762164183
##tah,1.6349259758320844
hala,0.5903616275736964
##kaa,1.5229326922855366
##iyo,2.1837342385850853
##punan,1.1030395915000413
kabul,2.3157928090029314
##uhan,2.297450845590124
##mat,1.904297927637093
mina,0.44425282039873637
saan,0.86880110715032
##gali,0.5597133638229547
par,2.1398081004967473
##oro,1.2588846382040175
kada,2.2794963607077787
##lam,1.3637692629755032
##ian,0.9714915966474897
Ik,0.782418809065753
Nama,3.9432851442119734
##inal,1.0120279163202752
bal,1.1273181349338741
Bere,3.6136085007312415
Maka,0.8303438259275554
parar,2.3713497149405502
##gus,0.11019299106107601
##sai,0.48388846893929693
Abraham,1.3676987288276075
##wing,1.7546738243270894
##gga,2.2989331464222102
##kama,0.8601217863511859
kalah,0.9647296248539856
##iin,0.9018456525032859
dapat,0.46130239242974913
tuli,0.5456721957971818
##akati,0.2697993074343788
saka,1.0365515977131299
##mum,0.9763934003299211
##ula,0.952286859104629
##nak,1.113000518607947
Ka,0.8893641727220137
##hima,1.5858239559622267
##wari,3.117607000973494
Isaac,1.803357608703002
##was,1.613913471411584
ia,3.0048141928454624
dar,0.885395407445099
##agu,0.4808538385960922
pili,1.5918377691511398
##po,1.0759110782542978
##nita,2.6049355947431314
##ungi,1.426988899772667
##muk,1.2676284515947884
lag,3.199125846946905
dal,1.7437491087969983
kaunti,2.2924531545355444
##kasi,1.6474134551294324
ya,0.7493141285894341
Man,3.051883831785504
##gy,0.6878591230734279
##mada,0.26818042269467934
##hand,1.4797918883595205
aga,0.5348985401815428
taka,2.1465717947020218
##yin,1.0288045216639874
mun,1.6925517402144363
##lut,1.4193436878326389
##may,0.19994266452015405
##sika,3.7392980928355977
W,1.1599113713309186
##tand,0.6678905140426072
##lian,2.558580758043551
##ind,0.4711540633886287
##iting,2.7981145700788503
ih,0.41524252376463194
kini,3.4819211820849247
sig,0.30064988226974265
##arat,2.258784769928124
##lama,0.8837705419936008
##sit,2.1051465793764503
alan,0.4746622484741342
Malay,2.2518120843323457
##kom,2.8821327826556984
##got,1.0170219215643057
ab,0.8392685316635583
##kuk,0.6176913015519611
Mara,2.518291821112999
masu,0.5619476283775143
##lit,0.35730556874886255
min,2.7279973943321574
##yu,1.1412166682026275
Nga,0.7814370990896098
##dama,0.5852363471946141
##dali,0.6064532228143393
##gl,1.4865189112284958
##uto,1.3770754016063227
##sih,1.4436759378790573
palibot,0.5527580853388602
kilala,2.229810670030124
##nin,1.1161370537725128
##bungan,0.6174634098203722
Um,0.3762903770411943
huko,0.47895764381266714
sir,0.4046222061369325
##atak,2.20450202056651
##mot,1.4330772233609703
Mayr,2.2221915755066783
##alis,0.4446452984499881
##ugo,0.5355748363329265
##guna,3.9050030276156953
aka,1.684366584046496
##bir,0.6953273818220119
paru,0.7475308268864936
mail,2.383040169763086
##akas,2.1367671057939526
aw,3.0672211911469778
abu,0.6027474782216096
##nun,5.393337135581804
Kap,2.605432442989298
hali,0.9542562168036323
asi,3.1855663872654802
##yuan,3.2657497940535114
uso,0.2203445595870866
gun,0.7520600827626364
##tira,1.778180540564901
##mira,4.432144436737989
uga,0.6267622432856206
##upa,0.8630934473831906
##umi,2.6520926531101603
##lagi,0.7016762495869213
##gab,0.590490877305881
Mo,1.5253425918382646
ngang,1.0838570088301598
Ben,1.9446414519209685
am,3.3830140032660028
##mon,0.34293439003586196
##maya,0.6654569604583375
##mele,0.6785459197451491
##su,0.6933793869166414
##asis,0.19026727774382204
##patan,3.028811546687738
O,1.693521555044303
gala,2.616523745174376
##eta,1.873262292078646
##pana,0.18217327111612971
##nala,0.9697292960713917
##lha,0.7669312727745166
Gina,0.20893998517320791
put,1.60439667522983
##uso,0.6512021108762833
##gol,2.053321571722717
##uya,2.5785965385426404
Pal,0.5695852078224516
##sin,1.196177561112004
##ton,1.1611286481679373
balik,0.7494401190997769
Beer,0.4779804820186422
##se,0.3687930638247449
##bos,1.395640404981751
##lapa,0.9627713125867701
lay,2.9034141282570727
##ano,2.58871657580399
##layan,2.282364894833854
##bata,0.4368249388171734
kapitan,1.6604354096248999
##masa,3.3393913393583396
##hit,1.5211825813115964
##dahan,2.6691851300871594
Sus,4.428918542085009
##has,0.5011007765036104
##taan,0.9645846737559322
kor,1.1602399961601042
##dero,1.8988477380899427
##hul,0.7856596417130519
##oto,1.4624786050255796
##uka,1.3231922849578814
##tani,4.228453049369238
##aring,0.35736671013012294
Kun,1.9618823055359171
bug,1.438794480888284
##mar,0.866041970488652
hain,1.0762160171315283
sun,2.8415869447256594
##dang,1.1855386692997771
##hando,2.1943794156213547
##yos,3.901434167323449
##tako,1.8349671981284728
##inan,1.4391071587290543
##ggi,0.8142288216719733
hul,0.6114091146613783
sung,0.83978173988332
Jeho,3.6211684414989187
##va,3.255347855653339
maha,0.32410757961057307
bay,1.9242382504277162
##kam,2.4126878993685987
##uel,3.6886408265664326
##bec,3.48292701495007
tinatawag,0.4887711054364615
Te,0.6017507447629643
##ham,1.1888515443764784
Maa,0.6208670766145806
##cha,0.5041653471019474
Ki,0.8099200557773916
##riat,0.6047038721207982
##yakan,0.7241335381122398
##min,1.3856030992002495
big,1.8526444135181874
##ingan,1.4358233408290682
Ding,0.934740785046759
##ron,1.3962902597218476
Up,0.7118062872867584
Mac,0.520671155625236
##irin,1.0413447585926505
tangga,0.7452665726726176
gaan,2.008339049848093
##do,2.256658264299145
##iba,1.5947464677393752
kati,0.2758120983031219
##matan,2.3917219439794986
hita,1.736004287624423
pasu,0.42344758846295394
##saw,2.4592511803639066
##di,1.2706448573756957
##kali,1.827595185206934
Inga,4.027795548044905
##sus,1.9931164477362107
aya,3.0784187565112378
##kin,1.7788409277753714
##hod,1.205161639876496
pal,0.6582848338979397
##oo,0.913273141582899
##ban,1.6954826085679797
pai,2.879622215516063
##lita,0.5215054833279759
##mus,3.070920897107774
##nom,1.1883174884297032
##yi,0.3105239178340924
##hos,0.3332437946054637
dali,0.9201920433224899
in,0.772653874399057
##uman,0.49121047608422064
##mik,0.48927063183060726
sing,3.566448914893558
##sing,0.9746225626258828
Kan,1.842903670448921
##utu,0.14884147554430163
Anak,1.3658379290511053
##nang,2.2592433076960905
daya,0.9044794300209736
##mba,2.3252802894592075
Puma,4.171113192171164
##gh,0.7217147765700446
##aina,1.4604478736857098
Ali,0.7703299955377684
##ugu,1.684277529680028
##dah,3.8906885795520325
damit,0.7245879431712483
##lagan,0.7952127212958944
##ikai,3.1212555414704704
##guin,0.06642569713733831
##gil,0.871813299000735
##lami,5.3296204995855145
Tata,0.4227636526644623
uusi,5.262641726343561
##sain,4.1884606841964285
##oot,2.886098302955594
##isu,2.7964156899598067
##nod,2.183441649342735
Yao,2.421428517463029
##mbo,2.7669038478822565
##tak,1.2004502176203629
##nta,2.496359770535457
##ura,1.3018712065640214
##ksa,1.6098834134345048
Sua,3.277613436819116
##usi,0.5120947770107666
##pher,0.20465301095374647
##ob,1.5562366783951977
saman,0.842336500863259
##talan,0.7821337807435852
pus,0.23707411974765039
##bai,1.7628553401418716
##oth,0.5850927099373151
Cedar,1.3350573566373147
##bs,0.8050870080665146
Mis,2.37412761699852
Dum,0.2692286294275889
Maas,3.94804023467956
Tema,0.5603257381625942
Jet,2.7614027778038785
##dem,0.344656185160139
han,2.419665508063597
##tung,1.293940397466134
##ngo,4.000306816651176
magas,1.6224586291477474
Siria,0.5828464774260266
Pada,4.826259386806918
ara,0.4153420662595808
nadal,0.44559587548506
##bun,1.4136470538167423
##sat,0.5708423451148243
Dal,0.6910050880053529
##akan,1.935262600407657
map,2.065750274734228
##hib,2.791141168228056
Esa,2.8347311587674358
Jacob,0.984231448416825
malik,2.4922031072054134
##anga,0.880277009072956
Mina,3.53034228533825
gali,0.9158665164212011
##anin,1.1931201564840639
Edo,2.502777449022266
##bangan,2.745179963009534
##tom,0.4426456719155629
##nana,1.819419534031661
bili,3.6252144378336455
ut,0.9009542075149171
##tun,1.318867068838823
##tuna,0.6085347964099178
##utus,1.368671402034557
##nili,0.2862272047916346
##gis,0.38280411825865973
human,2.0987274029033225
##alo,1.412416404815938
Amin,1.3910870765992982
##inin,4.731736275543113
Ah,0.7329776705417352
Phi,2.4399630879701983
dan,3.341010467948165
##apo,3.0556840946246093
Mali,3.6733035153330915
naming,1.0198846288489847
##mising,0.34256667091710646
Elo,2.74894004700543
alma,0.4728646874456454
bus,1.9826440096504383
usa,1.0038013687028138
iga,1.1828454202230245
bas,2.268873658529076
##din,3.3348771385587317
dada,1.723822477344866
##rii,0.6952900461273862
##dara,0.3077759269512392
##inu,3.3434413618285697
##nal,0.12113942603578957
le,1.999832266519169
hip,0.16166352847370297
##lap,0.6314960275784255
##mali,0.4262172165725669
suo,0.990920797922237
tri,0.8300033974058652
##iy,2.3366976891660802
##lad,0.6727925342502309
marin,0.3606702944791993
##pari,0.8117666407113538
makala,0.590376657241001
##andi,1.4134465002732937
Papa,0.667244239181091
##ota,1.70163494063143
##nas,2.75
Mala,1.3579167324033936
##guan,1.2224548413973715
Hang,2.654674713986173
##ndo,1.8872209829123434
##eth,0.4466514107812188
##unan,1.5927068425583149
nahi,1.3678175138777378
##gini,0.4165398545773745
hag,4.361902342486148
du,1.066702007521366
##hig,0.4241039101637144
##usan,1.3652911369067307
lang,0.5104545498249691
Bet,0.3740531625193391
##karan,2.9037016960573485
mais,0.8238317304806426
lab,0.4997966290256522
##gulo,1.9009486182204063
Mga,0.5503052872715873
Tag,2.1626705915564903
Raquel,0.6321977150027018
ora,0.87339077924629
tipu,2.2745480324015066
##inul,2.820962887106999
Lea,4.002620407472074
##upu,1.9023566142256583
##aling,3.953419102524761
Bil,3.658733460771522
Ruben,3.084409868930422
##igh,1.1127742221245864
##atia,2.481150014068836
Simeon,3.2995671185831403
Levi,2.089497112962585
##puri,1.4941232403946487
nai,0.44849697390948695
Big,1.2085220190358055
##ninga,3.956136625190374
Ne,0.7779543190372143
##tali,1.6346827391807093
##alar,0.3432100070906048
Mapa,2.121277470270712
##er,1.4975017500896088
mand,4.621150051897197
##rag,0.16487312359168055
bukid,1.0620748682164363
##nti,2.2827969015823335
##bini,0.05996451151359637
##char,0.3982670089050353
Bin,0.4699011165781446
##kis,0.45453720495363115
Za,1.8219404858348738
##bulo,1.4797628020235296
Ina,3.401198540519581
##kut,0.6252333895602196
Jose,0.5484087268778988
##dag,0.9231419638750985
laga,1.3632349291604577
##bati,1.0090977773425678
##tim,1.4092928673813319
##hara,0.44934039051652086
##bilan,0.4228970415342424
alam,3.0676140612252913
##mend,1.2341828535947383
##tano,4.700055857120363
##bakan,4.662788177098487
##num,1.1493116526359344
##gong,1.0538882644549232
minas,0.22819265593319057
dati,1.6504988482283096
##ntu,0.8941001912461098
##rang,1.358116440728945
##pita,3.5491920962427743
##mung,2.1801791530462937
Gil,2.84049373603383
##butan,1.0798082893418461
saya,1.5643229116622523
Nas,3.113105388427938
##aus,4.428508854797679
##mit,0.8006087728522677
dios,0.8217063979108309
##mpu,1.0344054264509186
##sik,1.944581219436171
Ya,0.503328789867205
hat,2.4761573014089127
##gna,0.5389381918749366
##kutan,1.3647688447290331
##laya,2.6803764807140182
##way,1.113642185392333
##gu,0.7455735107084961
##du,3.5951907125103824
##tha,1.0475390990390183
Gala,2.05879749436554
Ban,3.0801971162580775
Maha,3.427333493898265
##baan,2.3113743458705303
##igt,3.403671283128684
Tat,3.44726249944121
to,2.9191035986128635
##bagi,3.9022234794424064
##wir,1.3405263992853038
##sua,4.827960812354269
##bita,2.9567849148901
Pen,0.20177112988725385
##iel,4.092101375528372
##katan,3.596683891757928
lit,4.015594125136077
##kang,1.9962401175546116
##sund,3.8439282040339338
Tang,1.1844041352089631
##pini,0.6532927672806432
##ngga,0.8324524152174285
Yu,0.22623325413601197
##utan,1.8354076623498727
ilan,0.7179789279346419
##cco,5.207267547662841
Ipak,1.035957782528084
##imi,0.6714584534711583
##dam,2.951398432866413
##gda,1.729924197815098
##bis,1.8899841557940182
##agan,0.6210807881881251
tali,1.1525117535497795
##pis,1.4397308414188008
Aa,3.8975870361235376
##lini,1.981708435707451
tai,3.351359283206077
el,2.7634684780910863
##bora,1.073047712547494
##ail,4.303611634471668
##rata,0.885766960589956
##oni,2.7079124959533294
Benjamin,0.7394206874864813
Bethlehem,1.7171028030453404
Ed,4.845159523684983
Aholi,3.072957982160013
##be,1.7090590385350146
##us,0.6581370993285223
Cor,2.6556750030674032
##tham,0.16502573391188266
Sam,1.1783604428014753
##tam,0.9349350556507111
Dis,1.1067619878878336
Ez,2.9255440007626947
Mana,0.7485756657906898
Ona,4.186252973749854
##mda,2.832540988206346
##hra,5.012989486454438
Cher,5.2170031960380685
Hus,3.6390570690425244
Saul,1.3596686259411155
##bor,0.28968070746186503
##za,1.4528600293291196
##ns,3.8904538661014887
##het,3.7685547780590216
##tol,0.7997441760737656
batang,0.5176170134994571
##undan,2.3156678763770073
##km,0.20689209458595686
##up,0.744452464002121
##inam,3.604348433103989
lulus,5.08918561265112
##daan,1.1793798467786367
##ulla,1.5836623487188475
##lah,3.357127478166952
##ib,1.7329579187673212
##kul,2.4920361441084062
##tili,0.5604275289316031
##upi,2.9991883938128647
pasukan,1.5026333177703928
Bi,2.2372882634080917
##tis,3.1544862156186713
##ugi,1.633282364310081
##las,2.6596456454202064
##ares,3.824647522289988
##saka,3.1804855759611685
##niya,1.3126141776388736
##inak,1.3427063270235313
sumala,2.741900191052528
##uk,1.2452498056501247
##ikin,0.8954887518929856
##wain,0.8467595849493731
Tin,1.801206863534014
##gnan,0.43141324846324075
##aso,0.36182141762653863
##taa,0.9327627652826569
##ulun,0.5987471209183833
##wad,1.127058562550747
##nap,2.195836481604673
##gg,3.459431618637298
##iwa,0.42418193923019243
##onan,3.924886276154153
Kami,1.471691029149041
uk,1.675678521776091
says,0.8678166852050054
##kla,0.4337307685749964
##ndig,0.8874392671548366
##kula,1.8048966428206956
##biti,0.1907837493587049
##niti,2.1179358638967543
##liwa,0.2346984884106042
##pus,3.1987020026598296
##into,4.982000665544596
##ibi,0.7886514329763432
mal,0.9547656649742088
nagu,1.5901065057692683
##nggo,5.05062286935425
##say,1.1426313289808934
##wat,2.7806482649223163
mapi,1.3442829305622006
lan,1.0334067695485487
##sp,1.3011881366053601
##rih,3.7989689320922113
##lino,2.1935893577489667
##ligi,0.4837898198514288
es,1.2287663194197793
##klu,0.630094433102966
##hala,0.5024307111411536
##ena,4.7514663062387115
##dul,3.6898916687500067
##uku,2.421970931559298
bumi,0.32886462228041974
tik,3.303843187050769
##tik,3.0896929476174133
##tid,2.6609640474436813
Dit,0.13029567282220217
##uki,0.8920089355424444
##mari,2.0838705890671925
##ggo,4.640319531114783
##tot,0.343047117164971
##oha,3.46075454043327
Kato,4.1142960526323185
##rin,0.5309913617180487
##lisi,2.478526848275278
Tina,1.1230653070822598
Pas,3.7386085007312415
##hana,1.9948003017963556
##dati,0.219367598994357
sakit,0.3775008476522019
##sig,0.49169670682939687
##nam,3.879071149749056
##pot,0.5542374802681349
##gkat,1.315067422663215
##lot,1.8134181009829655
magna,2.948436930249099
##iksi,3.8810054880546376
##pato,1.8947321149002583
Ini,1.32415887171301
In,1.0672699572389754
##int,1.290947020648239
##gul,0.5344239531583835
##mh,3.202819531114783
##dy,0.374078732530799
##duk,0.17673869158215413
##his,0.7754096863986166
##mpo,2.5989267092935573
Han,4.4917023441591155
Jam,3.4512846652573375
Gers,0.7025359224002586
Co,2.234119126827947
Mer,2.712437035766881
##ul,3.9175988477759867
Th,4.391411967203484
##ola,4.53372926854459
##ua,4.106787576780011
Sim,1.619088224831647
##ed,0.7991529494999552
##phi,2.1890723676326065
Sun,0.1935077866748141
Her,0.0994157017459133
##ria,1.6362731837716709
Sera,1.6301518212527961
Mal,2.3464393446710154
##cher,1.2246729419095712
##bel,3.3438440270970355
Mu,0.7692352704430186
##eel,0.2223914186854618
Gun,3.214509499325589
##zer,2.6529988544923215
##mara,0.20313349834142963
Ram,1.0187712398045716
mas,1.6488372437578986
kabi,0.5440020404705682
##bin,2.644021202455763
aan,3.9213151202547842
Aki,1.9666656975336476
##tn,2.9573512744375856
Tala,3.518631380300736
##pal,1.9328206817821094
Ku,1.2933826684194587
##lati,0.3052988060017063
leo,0.9000980165488502
##gisi,4.919428774035373
##loh,3.920809989636341
Nil,2.755856241196194
mam,3.1745886824729
dao,0.9988687743826972
##mul,0.75143442895783
land,0.750018062582752
##gat,1.3527423858125438
##ady,3.30093908305641
mari,1.109208210480032
Sang,0.3327283296066849
pad,0.38847353942297347
bis,2.5102426486539273
##rol,1.6100262056540322
Manga,1.151853941125265
lo,0.7636201905837068
Mach,0.2786677991512225
##gam,3.2442137894053373
##raan,1.928675957106118
##yak,0.5623441441925414
##anum,2.3841339883678363
Ata,3.0
##ngs,2.5257123858479096
maig,1.0686912425390656
##kisan,3.508658339850826
ata,0.665019607547616
##liga,1.645594375003738
##ams,0.18314556607525612
##es,1.4607667550479073
##cia,0.2688122411960753
tak,0.9720978519011966
##lid,2.7845476320438296
##iban,3.8344712937592327
##waan,3.0510727824717345
Moi,1.777795400916085
##masi,3.459431618637298
##thi,4.173660689688186
dai,1.3536766184349802
##bik,4.332591980345705
##hro,0.1456399842220643
ning,0.9503452472265124
##aban,1.6740004788440135
##pok,2.6367304907433513
##liko,2.1302497302759
##arin,2.703018796393131
##A,4.292430161628529
NG,2.107142389245299
did,1.5862046594952117
##ayaan,0.6310129686858037
Isa,2.53755597299491
ket,1.6829603979829517
nie,3.6351907717778573
dating,0.4661527556704781
ibu,1.1496545051992217
dil,0.4097476433480556
Aaron,1.3742223322669243
##gasi,1.7187563141518096
##aun,3.454097074528888
##tut,0.936684386594816
Bay,2.5654483718208256
##gd,3.0797583445758554
##ista,0.5174700250556878
##tos,0.8229973415099722
##itung,0.17363436647201524
##put,0.6242140066838655
##tub,2.0131182149485847
##ath,0.9199902307291834
Li,0.5641689639968905
Iz,4.929104070322105
##zie,0.6416984488275093
Mus,0.7519878382740859
##che,0.30867078158781125
##bed,2.625256772553078
##ael,1.9714355011922806
##ason,1.0094768189459193
Nada,3.155565013329719
Ele,1.413748818357442
##aza,0.24424218320865218
##hama,2.3816354603132477
##cana,2.74894004700543
##nee,0.42377865228617145
prop,1.7973125928896077
mar,1.0200972242661428
##iko,3.0672493030818364
##kant,2.4174084447820636
##aging,2.8760742015276093
papal,2.400956291975048
law,0.22631710994650467
##adu,4.08267318468309
##iah,2.266798469071449
##ky,3.2185372179788474
##iang,3.7304723834739693
##pol,1.6341540225906335
##ial,2.739034605265953
##tiga,0.36864636326676864
Pay,3.68140854642478
##uton,0.37585936689882976
##isir,0.32205168578054133
ida,1.595794347109666
##day,2.1921735131734716
Israeli,0.1853992043302305
##ako,0.48501408498267445
gran,0.22980706808172133
##izo,3.6325615513705536
##ning,3.467554734641734
##tig,2.780660595981748
##il,0.2826297025672806
ce,2.035882604029621
##bada,0.44583543026872907
##tala,2.3140576112371227
pista,4.320801484487885
##anas,1.251540770700605
ilay,2.7504327727245097
##biy,0.8829141983741357
hati,4.028346640885204
##klo,2.831562661025469
##yawa,2.253391970682911
Sal,1.698481020419796
##intas,1.4798129202891994
##sah,1.229999428893329
##haw,0.8096863334837677
##bad,0.7796261638737996
pas,0.6927319699286176
##kua,1.4914892054021607
##idi,0.808707955815617
Pit,2.0
maaaring,1.7769212847052935
##tup,1.39764047302085
##mila,0.16378816796868206
##katu,2.214784880078134
##alin,3.588708582321367
##kada,0.2666362070827488
Et,0.3021823503038898
##phon,4.1560640281187915
##gid,2.5654483718208256
kamp,1.1916741691764434
##amento,1.7659380174675325
##anta,0.4912201631499491
hir,2.082577995243493
##nl,3.9648576597402965
##wit,0.5696726604450865
ago,3.390319531114783
##uo,3.0600273766612798
##yah,1.00146085875855
tingga,2.8073549220576046
##dak,2.9337090693056975
ki,2.2878235769751956
##amt,0.274819116175937
santuario,2.472761351915259
##umba,1.0532939911799921
Miriam,4.0157087460165934
##dere,4.321936754074448
##upas,3.3219280948873626
Doo,2.448791637074298
##tangan,1.8163994093576457
palm,2.9336606896881863
Sinai,3.7611226945305565
sana,0.47850889261451457
karne,1.311278124459133
gut,2.999079570624175
##uu,0.8479993533303377
##ilo,1.2760188294497172
##bba,1.7765250887246493
Ani,0.40953972775766173
las,2.3380582204917544
ef,4.553242385261235
Rep,0.8489489512293833
##kso,2.7369881272124563
batu,0.1954197001659068
Jos,2.759856650041477
##ue,1.80373389801296
##lito,1.2663751843761633
##ulat,0.9377097123179949
pagal,3.0329831038111403
##lok,0.3632092869690749
##nggu,0.08444297356714288
##tula,2.756163571190767
##hina,0.8829074585551022
ipak,0.7479378700867096
ag,2.5468465893424046
##und,2.7965795544812244
##ais,0.19873132568967278
##mpas,3.3714556278478285
##ny,3.3776203411424657
##oli,0.6572072692137105
##iny,0.4664280850618319
##banan,3.60383674342138
tap,3.7329382767930652
##stan,0.8252778322572073
nada,2.7003947546394347
tubo,3.6064971450300427
##sady,3.880446314926199
##laan,2.947860597836286
##mai,0.23880886137370683
Mata,0.29978403890921373
past,0.6052636072551079
##nog,2.551540854827186
##pani,1.5729191277893482
##kia,3.544372148594611
##pid,0.23968791959676808
##tiin,3.7338000048104214
##gani,0.13852231799722842
##ando,3.166151871207977
##rain,2.5425672441376714
##hol,2.3260429674126306
##sir,0.5835895679334988
olib,0.7124956146415871
##dog,0.4402796915302897
##nting,0.20641287581587714
##mins,4.513062618234006
tasa,2.362674876416374
yari,0.2529589285962005
za,4.284006521086277
##fir,2.6628546777913744
##nya,0.2388448045481103
pula,0.645903039570747
po,0.8641008091972111
##pes,0.6768921320140663
##ia,1.3643541939075106
##kop,0.9387758370038435
pek,0.185734804050882
##tora,0.16222237673368115
##erna,2.1053503630962416
quer,2.463285303368633
##tsa,1.1507310331583314
kop,0.4703711256750279
##hus,3.334679141051595
##dele,0.5077576586692231
g,4.219624587671307
##lob,0.6026808047496608
##oan,4.9549017378551925
##ndi,3.2913837362126133
talento,2.557283845310227
##ukat,0.6220657850294435
pre,4.8617482986443905
tabla,3.456105809267839
mit,0.6292150200147513
bara,4.210807487109298
##naan,0.7178009543369935
##daraan,3.0862477987534502
##lban,2.8722449383890507
##bur,0.2642546814781227
sim,4.767581253216086
##kok,0.49567453370528264
##uban,3.155565013329719
til,1.0086801166381105
##mbat,0.2878624931472027
##lete,0.34404005355300094
##los,3.086037435198171
##unun,1.0620582293932455
ep,1.539601445824646
##ikal,1.8151512991858987
pis,1.3785429415014894
##kup,0.35476308887893754
##aci,0.3081167082008632
##bung,2.113256378501272
dia,3.2738853539777226
beri,3.644594909798537
Uri,0.32053130948480496
##te,0.8266057456052869
grana,1.1813897541861538
##lya,1.4871262236430287
##mina,3.44726249944121
##ase,0.33800466327748513
##rdo,1.6299702948853438
hal,2.001339156931782
Tol,1.0351764063847053
##sun,2.2559698457007538
mira,2.7797706856102224
##dik,5.124057377298847
Bez,4.107890177659688
dalis,3.3272187999188607
##inha,2.1095818423166572
##wah,0.3057645344003723
##ulata,1.3555393493384609
##gum,4.238864162582478
##rua,0.5426668836626432
Kina,4.166482966401418
##aku,2.2489317061763785
Nun,0.23638993468138605
##nada,3.7167050132179824
##maa,5.370246841372303
kaki,1.960463630884478
##era,3.8346215965969983
kus,2.4284548275712567
##gku,1.039000955467781
##kus,0.24209370167543898
##nay,3.708919120436542
##itel,3.9279205402306583
##oa,1.8419596325303464
##nton,3.927943120772361
##nami,0.05919275596431307
ja,2.4563394055973102
tir,1.841205154739868
##bit,3.3812842185049683
##andu,5.11992681426701
##wali,0.09027980098379638
##tii,3.518711290204583
##agawa,1.9048282091723887
##nma,0.1391608064526314
##ldu,0.9397187406496469
##mal,1.110845254460119
san,0.9986892359580477
##iling,1.5233585337527351
##anat,1.8642360267178268
##yama,3.2011916415508566
##hid,4.446209214647551
Kara,4.030198929422623
##lung,1.0891046619126652
##ngu,0.7344569262101501
##pik,3.6617749719385757
aves,0.5496171353965509
##tru,0.3785490299073033
kuwa,3.6447689322319543
##bil,0.8823293888975968
##luk,0.7852353756816393
dag,4.8583773488482915
##bul,1.106975897685129
kalan,0.32795445849669935
##rum,3.279199358895391
##tal,2.695659312161299
##tab,0.7296812308742306
##hita,3.7666951310913044
nanging,0.9492980934417323
##inta,3.368059475661731
##ibo,0.4601278041415543
##buhan,4.876126043394289
Kar,4.182815884078254
karo,1.4713083059858958
##bh,5.29871270092358
iku,1.0117053324512209
##dro,2.677986520614243
##sara,3.9773546684197805
##lus,0.4395689264093263
##igan,3.3086446500167392
##lur,1.974937501201927
##uru,0.782320794864511
##lara,4.206460828253664
ipar,0.5666653961480976
##dum,1.2082321458876644
Mol,0.23564065714825586
##um,0.9367308656340086
##dios,1.482042131154784
##lai,2.9734974145612205
##anti,1.245681116366423
##nim,1.740493287006989
##piti,0.7192005552399702
##taka,2.727874758839216
##mbang,1.7296366974790363
Mama,5.096770565773521
ung,0.710033726108693
##gig,0.4156396406023237
##par,4.455750969513098
up,2.2323467681437257
lagi,0.5717049928352467
Selo,1.0520284634122934
##tip,0.08865539050688123
ju,4.493191554599682
##bile,0.19835748611841944
##gii,0.4964798152531272
##unti,2.0434483866302613
##gah,3.5916895542802
##arar,0.6675333059441795
##oman,2.895726988994944
##yasa,2.6047486945704956
##sur,1.3793168947416448
Sede,2.0526639395883586
##dda,2.714169881020038
Nathan,2.7092574211313076
Elia,1.7721976123134988
##lon,5.116492453627304
Pe,0.34554824557781283
##ie,4.0539158655704775
##dai,2.221546663933122
Elias,1.6553790620224826
##ggal,0.11215880401574506
ug,3.5654483718208256
wat,3.881381928970071
##anto,0.45595237320545073
##amat,3.6035191187028572
##lal,2.878787282977251
##ei,0.7077075008784188
##hai,0.6328188659431421
sand,2.2455938949728385
##dud,0.6152569666629529
##top,0.05836801385064137
se,1.0470235239852084
##unum,1.377676105527302
##umo,3.277613436819116
##zare,4.101538320298154
##lasi,2.072092843719501
##nata,4.1910509516399435
##isin,0.38264007474477
##nati,0.9772527956432167
##mitir,1.3210379628749958
##idat,1.6884031080679363
##iani,0.23475679082203332
##iiy,4.123499796859065
Med,3.0
home,1.2092863453518945
##kim,4.324290292909466
Has,1.36096248222756
##cc,0.27217447119326327
##eb,1.360398067670896
##phone,3.035907784932967
Os,0.2769176023786655
##eas,0.1819258091590113
##mie,1.862418141253852
Michael,2.2816291916648677
##tikan,1.3969660989199395
Ses,3.0
Tal,3.7814105324174996
##yat,1.6041263778669632
##aak,1.9883285559164123
##rma,2.6015102466194637
##ato,1.6069784465778003
Core,0.12443052189314409
Dat,1.1975842689803384
Pat,1.7120124989066028
sed,0.42035212720628023
##usta,1.7330754906433257
Ob,1.0975643555677705
Arno,0.5291372148423092
Math,3.813502264433443
Chem,0.8615128198380995
##eba,1.4017497932638232
Basa,3.0073325057384537
Og,0.09790613732494043
##rico,1.7898001265884937
Bala,3.3745357190457073
Par,2.3231653909432697
dis,4.841079627828424
Chi,0.7645783973238175
##nha,2.5734419476212564
##haga,0.5324143527254849
##adi,2.7913581676073025
##gos,0.17292282760357944
##wara,0.9821152306481756
##ywa,5.086826711709857
##ray,1.0132114635395546
##gad,1.45303118539442
pe,1.2666657530225227
##oc,2.2737602337233227
##sr,3.3087513512471665
##rie,1.8231909828168584
Sec,4.151526586230469
##hem,1.008753522811971
##chi,3.8374177197186023
##dita,3.4074355167595267
Im,4.05947637062556
saw,0.1612723144099652
bisa,3.807354922057604
##batan,1.2698932296058278
Rec,3.1728154705637035
lata,3.559900001923083
##roth,4.582713101522264
barne,0.18209343365885663
##pling,2.6708935146772865
##oer,3.45366862933928
me,0.1583842335408663
Rim,0.20755215723723075
per,0.4036817904802528
##bna,3.3108845981268518
##ion,2.926817767571337
Salmon,2.4779092990021896
je,0.7050301637461096
palabas,1.2751488290127486
Samuel,2.6093247313232766
##iu,2.1945966933685064
##aar,0.5172081796316618
Arab,3.026031086676594
##taro,0.21034101464010557
##aram,0.9234271238047829
liga,4.3390715384508844
##lii,0.38332910241869717
##hak,3.5654483718208256
##bani,5.274640608179728
dig,0.9635409464802308
##ime,3.3087513512471665
##moni,0.2622320350041582
##sim,0.15158932359849242
##essur,0.8946288520862713
##ret,2.6956225057666336
kilo,2.8246138537913814
##urua,2.862940780602668
##ral,0.9162190929870763
##isal,1.7084646856900085
tur,0.6341876525802959
samba,3.9089662326459775
Gol,5.129482154523328
Sion,0.3226836571157866
##tuk,5.467245877724579
##anu,2.321928094887362
##aru,5.076248871868803
##iman,4.871569511696597
##eri,3.620579798548404
##tib,2.597440947466426
##bli,1.5229768831038277
##ud,4.117006714075157
##uil,0.23234747249485435
##mura,4.241808498627482
##ador,3.344184895388315
##gun,2.6707341424720714
##etan,3.702819531114783
##tat,0.31159441014233785
##kina,4.323919738273046
sakop,0.5535579118971585
##rar,0.15592523802809646
lana,4.3185603855056405
##sel,1.2108793984227761
##tanan,4.63104686841283
gagal,1.4192205800196707
hukum,4.425496386606637
pago,3.494739663055176
Ibu,0.09184642405537657
##gula,4.409742374186431
##kob,0.1628692194216759
##rir,2.3401365006962185
##en,0.5610685128632893
##jo,1.9884509548862561
##gon,2.1886773807581306
haya,2.8724351333280382
##aksi,1.4156703133209574
amb,5.263576117741465
malam,0.65548860934106
Bat,3.2033639869426525
##uun,1.8042813496185928
demo,2.7546448468084446
##nio,2.6331020876638735
##lika,3.0697671692636432
ap,3.6644977792004614
dragon,4.3189692461085825
##iis,1.6375915442901938
Sar,2.1647363513805242
##uang,3.5736606896881864
Bab,1.1995364028104796
##nia,2.2503488308611574
Jerusalem,0.7640282124578727
Hari,1.5070181458847127
Jar,0.6239783682773484
Lac,0.7748074081343588
##glo,4.07914337402601
ho,0.2920643788291318
##eda,1.2086623203080786
Hat,2.905946624862472
Meg,4.679232737033261
##idd,2.974937501201927
Carmel,4.972978526774275
##cal,2.984234164652489
Rama,0.472310569702835
seme,0.29504848239533593
##nno,0.30029288977639523
##cro,0.08293445882573211
Asa,0.7143513674489724
##smo,0.9138873193390562
Soc,2.840986449175893
Adi,5.052181970927769
##zi,3.0924152832497946
Ol,3.825070520364182
Mao,2.6691194598700463
##ree,0.9183552628106022
##dea,3.252320199486153
dor,0.3810598599247663
##gina,2.9029698792941443
##ith,4.500377547641744
Hana,2.122665662110248
##sul,2.928852907281057
##bes,4.470015672820067
##hie,3.376731980918651
##rem,3.2702310826525713
Sora,3.2153828747426743
Gal,1.036774339838655
##ilea,0.5763079568077869
##co,3.280426129649776
Abd,3.316701564144095
##alas,1.0678020667720187
##wil,2.0620448010520924
##cho,3.23557197119731
Kai,0.21061834709136396
Chu,2.766840021227404
##jam,3.678654495438758
##undo,0.20373353094856841
Har,1.5537256084858855
Bara,0.261282751380569
##lans,2.46748073050149
##inus,0.7011596225632049
gobernador,0.32924951540006653
Say,3.9880661037219474
##sana,2.321928094887362
##umis,0.662900699418146
##rak,2.8171220716274394
##hia,4.013645151798191
##rda,0.24252366197150474
us,0.456991321241962
##maan,0.37005975149778897
Or,0.573096999279284
##lm,1.2869699390466023
##unn,0.3968110982582341
Mill,0.5847263839543823
##agna,5.069577795376235
##kawa,2.387653862404623
##yai,0.22090394260547497
##nit,3.5679590552487572
Samson,4.168647234879631
Est,3.15648266148055
gap,0.45990580016539356
##alia,4.835502851078061
##chas,0.03687450625387197
ter,3.1495798048627934
##matu,0.21258126601416422
Jonathan,0.8125150501442358
##sii,3.7598298176548335
##emi,0.48209889434126724
Ruth,1.9763912286367158
Boo,0.595727658670457
basa,2.2901165541065733
bai,3.6441065508889516
Mau,1.8392666675615885
templo,0.687549823913453
##ke,0.6964239193692148
Joel,0.9951726260854546
##anya,3.257150617037467
salt,1.0422567813820047
mano,0.1447268461652895
##udu,0.6189049363004478
##chia,0.43843370992105
Jon,3.1219280948873624
Michal,2.984234164652489
##ner,2.5633506311224887
Iki,2.9734974145612205
##dini,4.0855332505568525
##hal,0.8243144960671034
oso,3.97450498810543
##ding,1.9242332140933949
##lech,3.169925001442312
##chis,0.2832651158715039
utan,2.4417579174903192
Kei,3.146470367344737
Carmelo,2.5566567074628233
Abigail,3.3348683589017414
##bling,2.0511319432602355
##via,1.6736523885074048
##boa,3.5100631613912507
##sor,0.4836954959020336
umur,5.346211028699195
bos,1.0202836540620543
Abs,1.4124496821960275
##onia,0.7143707755378583
an,1.5006558740109766
Salomon,2.288427113582549
##let,4.912521654300864
##eto,0.19182879711643436
edo,3.2720552088742005
##ade,0.15186748531243038
Beta,2.8897982626948058
Sad,2.408705726224709
##iada,0.5327225596176575
Lo,4.337581188618506
Bath,0.2557376834347703
she,0.18006787875500094
##dapat,2.399537225087599
Mai,0.8415862744999285
##dia,3.0494520727893937
##ea,4.92907117645019
tapo,4.246370130156181
##dron,0.28476943677837885
##ima,0.45512586046790415
##bar,0.21459696047968285
Bar,0.3164119030258796
##zil,0.42999026525759126
patag,4.166507482824266
##rita,2.584962500721156
##aia,1.2067637692298232
kaam,5.147912716898846
##ital,4.521653221678067
marang,1.2168869652160947
##hum,3.155565013329719
pla,0.11009772843694532
##uta,1.4836042443177622
##arias,0.802543729904885
##ddo,3.099781570737871
Ezra,1.7746452757441882
port,1.9362600275315276
grado,0.21946696251147277
bukan,2.8073549220576046
##dila,2.5222359294660297
##uts,5.028045297195476
reina,1.4906984977762485
gar,3.8752881676445825
##ias,0.8576537165687409
Rob,0.381518303978879
##eia,0.8269231136432097
##irs,0.2655923083374467
##sula,0.5277903091871963
ada,0.15524432895067644
Om,1.974937501201927
war,1.285237893311171
##dli,3.844101983769459
Elise,0.7421838505793702
lalawigan,0.4770375806712475
##chea,4.7448060173854945
Amon,2.984234164652489
##zia,3.1143801991359736
U,0.5811869842946965
##dina,1.0506488919055121
##siin,3.0345384037779066
##sid,5.470519029992051
##acha,0.09520529116647289
hus,5.187076459269995
##zaba,5.2078179447730575
##sias,0.8808669740247682
Jonas,0.2970936112729271
Zach,3.523782642307867
##dio,0.5459707080430551
##vai,4.996987361385254
Senna,1.7321221883003906
##ace,0.7566079666829812
##cim,2.3547778018195564
##lci,1.2335766482036015
wikang,1.4647459661730218
Amos,4.488564280246934
##bato,3.7244844618692703
##ica,4.675430473912968
Top,0.40290480796445866
##rero,3.1197502788915106
##tany,4.86637507050801
##dono,3.323035166400024
##achi,0.7868697186463721
##cias,4.436946491442803
##zara,0.8820496701330737
##lias,1.5082130801431504
Johan,2.9315318350247868
Care,0.9556854536962117
##hur,3.899626170292601
Daniel,0.6054322198024044
##abia,4.412777593741462
##oen,1.0277141813822759
##rias,3.4090941454403927
Maria,2.082837387075836
Simon,1.537855981041038
Net,0.92769661840625
Amar,3.584962500721156
##iasa,1.3933855910110151
##rach,3.8665871058289594
##lem,4.865416666766324
Ale,5.049704362997236
##hine,4.409276321838801
##caria,0.6348393735363862
##iso,1.8136630982005448
##azi,2.8279071282958466
##anias,4.5724312513221195
##rez,0.4217661710097301
Satan,1.3392033294519397
Jesu,2.8288961245524153
Roma,0.49193319251577644
gur,3.3679529800302332
matin,0.15959712982026705
##ppe,0.7554782945602244
samo,0.8534821309352981
Arabia,0.1823165350877941
Etiopia,3.333543650916116
Tobias,3.1464393446710157
##iyah,1.9058411515837959
Persia,2.7192945256669794
Mar,3.2241485229094
##onica,3.661105850677538
Seal,0.4470355682299353
Dario,0.49080957472838876
##uer,0.1389877196556445
Art,4.992008318221846
##aje,1.2492501576528405
##rje,3.0689443878779725
Susan,0.6011596042670521
Media,3.994555852668289
sat,5.428329833505019
San,3.9418853451761025
##ball,0.3383437493601603
Baru,1.7860002337158059
##akon,2.3144127829444847
##gai,4.001466246395743
##gato,4.4058586095989805
##cay,1.5973003604119234
##nel,1.5545021973715727
Vas,0.05490910620286585
Esther,0.6895360268791332
Aman,3.0048052437530663
##takan,0.16190758641612596
cet,4.665567748270948
##lipas,1.8560133585716736
##gara,0.671503991164526
##wai,0.11956274438030517
tulisan,0.14178477479687304
##ins,5.068978242583696
##imo,2.7898980954642876
ru,2.055169170996336
cha,4.240525750901062
##nina,0.23790518786114287
##kami,1.834927291842398
##nir,3.155565013329719
##ikat,4.662477022467728
##mos,0.04196621414063691
unos,3.3438095319813903
##goga,0.3226257915817438
J,2.8610838363059377
Manu,1.4180999665314113
ministro,1.7663315794591086
##uent,4.274198750077731
##ngar,3.179800652187339
##sian,1.8186480149315136
##any,0.3627177317160977
palacio,2.319492672556338
ker,4.663280494471115
Bel,2.12401927317195
Gent,1.7293006477482735
##amp,0.35816971762945293
Neri,1.1463960340804396
##mpi,2.0
##latan,4.450063756436211
hubo,0.7632129144290571
Belt,0.48794280950282004
Abe,3.4998945563316277
nego,2.1650629579708367
T,3.964386366179541
##ivo,3.412989250616125
##cris,3.0263567694419566
##qui,4.142664355548849
Jesus,2.0256890327959214
Cristo,2.3916223662273315
Santo,3.5445369046731208
Jude,1.1528259510673105
Hero,2.5904557684173417
##kr,0.5227106222049605
Juan,0.9819802405411729
Bautista,2.1574785109436485
##smu,3.1463484890423734
##ise,3.2703768957411703
##uce,0.5345764211524949
##aut,0.7791655837447569
##ismo,1.5128935329735773
##ismu,1.7082629491521382
##blo,2.755247507262358
Cape,3.763451262599034
##rna,2.2471862038199455
Pedro,2.234102917683658
Andres,4.14510837769418
Santiago,1.3665700018064273
eva,2.8706625795113516
##nge,1.4018745019223402
##lio,1.300095940103398
##pier,0.6879000518748379
##rio,3.33023808182835
sent,0.13934172402911876
##urion,0.23661260747123683
##stol,1.1662710796918954
Felipe,2.432294243948856
Tomas,5.220776007783137
Judas,4.266481973006925
##cari,0.31227948921719906
##ote,0.46995445406946557
kr,0.38498418077157365
Gino,1.0427688332266933
##rka,2.215024914803479
##riy,2.321928094887362
Cesare,4.251038600099292
iglesia,0.8178906023018034
dena,3.44726249944121
Cesar,1.5918340336224255
##fas,0.0569298055332801
##lato,0.46968568096530017
Barra,0.8846574104999041
Magdalena,4.755018033554361
##baut,1.232720758995821
##rieg,4.085479296672175
Marta,4.40322529303925
##dion,2.4487459717012037
##mbawa,4.596520517937779
minister,0.09050868468499719
Asia,0.8086568796259691
Berna,2.726564324216668
Timo,0.6006128474353163
Antioquia,0.18412266562630084
Pablo,0.6974303273934146
Macedonia,2.8397883387323755
##polo,1.3653559144900203
Tito,4.707211641001946
##fes,0.15833512875495276
##dhi,0.6663144014834516
Fest,2.718414836584255
##grip,1.3517910314781232
