భూ,0.875,0.025,0.025,0.025,0.025,0.025
##మ్,0.7,0.3
భూమి,0.892018779342723,0.014084507042253521,0.023474178403755867,0.014084507042253521,0.009389671361502348,0.014084507042253521,0.009389671361502348,0.009389671361502348,0.014084507042253521
##ూన్,0.14285714285714285,0.14285714285714285,0.14285714285714285,0.14285714285714285,0.14285714285714285,0.14285714285714285,0.14285714285714285
పై,0.9854280510018215,0.0036429872495446266,0.0036429872495446266,0.0036429872495446266,0.0036429872495446266
##పై,0.9163636363636364,0.007272727272727273,0.01818181818181818,0.04,0.007272727272727273,0.01090909090909091
పలు,0.9467455621301775,0.008875739644970414,0.008875739644970414,0.005917159763313609,0.005917159763313609,0.005917159763313609,0.005917159763313609,0.005917159763313609,0.005917159763313609
మంచి,0.5,0.5
##త్రి,0.8260869565217391,0.05533596837944664,0.03162055335968379,0.015810276679841896,0.011857707509881422,0.007905138339920948,0.007905138339920948,0.007905138339920948,0.011857707509881422,0.023715415019762844
పేరు,0.5714285714285714,0.42857142857142855
మధ్య,0.8181818181818182,0.18181818181818182
కలిగి,0.8241758241758241,0.016483516483516484,0.01098901098901099,0.027472527472527472,0.02197802197802198,0.02197802197802198,0.01098901098901099,0.01098901098901099,0.01098901098901099,0.01098901098901099,0.01098901098901099,0.01098901098901099,0.01098901098901099
రెండవ,0.9455128205128205,0.00641025641025641,0.009615384615384616,0.02564102564102564,0.00641025641025641,0.00641025641025641
##ఆ,0.9418181818181818,0.007272727272727273,0.03636363636363636,0.007272727272727273,0.007272727272727273
పెద్ద,0.36585365853658536,0.6341463414634146
చిన్న,0.8555555555555555,0.022222222222222223,0.03333333333333333,0.022222222222222223,0.022222222222222223,0.022222222222222223,0.022222222222222223
టి,0.7529411764705882,0.01568627450980392,0.01568627450980392,0.011764705882352941,0.00784313725490196,0.011764705882352941,0.01568627450980392,0.011764705882352941,0.00784313725490196,0.023529411764705882,0.01568627450980392,0.00784313725490196,0.00784313725490196,0.023529411764705882,0.011764705882352941,0.011764705882352941,0.00784313725490196,0.00784313725490196,0.00784313725490196,0.00784313725490196,0.00784313725490196,0.00784313725490196
##జీ,0.7857142857142857,0.011904761904761904,0.011904761904761904,0.06547619047619048,0.011904761904761904,0.011904761904761904,0.011904761904761904,0.017857142857142856,0.011904761904761904,0.011904761904761904,0.023809523809523808,0.011904761904761904,0.011904761904761904
##క్కల,0.4,0.6
అభివృద్ధి,0.9671457905544147,0.004106776180698152,0.004106776180698152,0.004106776180698152,0.004106776180698152,0.008213552361396304,0.004106776180698152,0.004106776180698152
పశు,0.013636363636363636,0.8227272727272728,0.02727272727272727,0.00909090909090909,0.022727272727272728,0.00909090909090909,0.013636363636363636,0.02727272727272727,0.00909090909090909,0.00909090909090909,0.00909090909090909,0.00909090909090909,0.00909090909090909,0.00909090909090909
విస్తరించి,0.0425531914893617,0.0425531914893617,0.6170212765957447,0.0425531914893617,0.0425531914893617,0.0425531914893617,0.0425531914893617,0.0425531914893617,0.0425531914893617,0.0425531914893617
కి,0.7307692307692307,0.2692307692307692
##పూర్,0.9431578947368421,0.004210526315789474,0.004210526315789474,0.004210526315789474,0.00631578947368421,0.004210526315789474,0.004210526315789474,0.008421052631578947,0.004210526315789474,0.004210526315789474,0.00631578947368421,0.00631578947368421
తూర్పు,0.9402298850574713,0.004597701149425287,0.004597701149425287,0.004597701149425287,0.004597701149425287,0.01839080459770115,0.004597701149425287,0.004597701149425287,0.004597701149425287,0.004597701149425287,0.004597701149425287
##ెడ్,0.873015873015873,0.021164021164021163,0.026455026455026454,0.026455026455026454,0.010582010582010581,0.010582010582010581,0.010582010582010581,0.010582010582010581,0.010582010582010581
నది,0.8975265017667845,0.007067137809187279,0.01060070671378092,0.045936395759717315,0.007067137809187279,0.007067137809187279,0.01060070671378092,0.007067137809187279,0.007067137809187279
నాలుగు,0.8577586206896551,0.008620689655172414,0.01293103448275862,0.008620689655172414,0.03879310344827586,0.017241379310344827,0.01293103448275862,0.008620689655172414,0.017241379310344827,0.008620689655172414,0.008620689655172414
మొదటి,0.8551236749116607,0.08833922261484099,0.007067137809187279,0.007067137809187279,0.007067137809187279,0.007067137809187279,0.007067137809187279,0.007067137809187279,0.007067137809187279,0.007067137809187279
##ంగా,0.010101010101010102,0.010101010101010102,0.2878787878787879,0.015151515151515152,0.5151515151515151,0.04040404040404041,0.010101010101010102,0.010101010101010102,0.010101010101010102,0.010101010101010102,0.010101010101010102,0.015151515151515152,0.015151515151515152,0.010101010101010102,0.010101010101010102,0.010101010101010102,0.010101010101010102
##ధిక,0.8359133126934984,0.006191950464396285,0.006191950464396285,0.006191950464396285,0.006191950464396285,0.006191950464396285,0.02476780185758514,0.009287925696594427,0.018575851393188854,0.021671826625386997,0.006191950464396285,0.006191950464396285,0.006191950464396285,0.006191950464396285,0.006191950464396285,0.006191950464396285,0.006191950464396285,0.009287925696594427,0.006191950464396285
##ూరు,0.8793103448275862,0.02586206896551724,0.03017241379310345,0.008620689655172414,0.01293103448275862,0.008620689655172414,0.017241379310344827,0.008620689655172414,0.008620689655172414
##ఫ్,0.9311926605504587,0.0045871559633027525,0.0045871559633027525,0.016055045871559634,0.0045871559633027525,0.0045871559633027525,0.0045871559633027525,0.006880733944954129,0.009174311926605505,0.0045871559633027525,0.0045871559633027525,0.0045871559633027525
##టీ,0.924791086350975,0.005571030640668524,0.008356545961002786,0.005571030640668524,0.005571030640668524,0.005571030640668524,0.005571030640668524,0.005571030640668524,0.005571030640668524,0.005571030640668524,0.005571030640668524,0.005571030640668524,0.005571030640668524,0.005571030640668524
##ఈ,0.5,0.5
##్యం,0.9626556016597511,0.004149377593360996,0.004149377593360996,0.004149377593360996,0.004149377593360996,0.004149377593360996,0.004149377593360996,0.004149377593360996,0.004149377593360996,0.004149377593360996
##వచ్చు,0.6962025316455697,0.23628691983122363,0.008438818565400843,0.008438818565400843,0.008438818565400843,0.008438818565400843,0.008438818565400843,0.008438818565400843,0.008438818565400843,0.008438818565400843
ఒ,0.922360248447205,0.027950310559006212,0.006211180124223602,0.006211180124223602,0.012422360248447204,0.006211180124223602,0.006211180124223602,0.006211180124223602,0.006211180124223602
##ాదు,0.9234338747099768,0.018561484918793503,0.004640371229698376,0.02088167053364269,0.004640371229698376,0.004640371229698376,0.004640371229698376,0.004640371229698376,0.004640371229698376,0.004640371229698376,0.004640371229698376
##ానికి,0.008733624454148471,0.8384279475982532,0.013100436681222707,0.026200873362445413,0.034934497816593885,0.008733624454148471,0.013100436681222707,0.008733624454148471,0.013100436681222707,0.008733624454148471,0.008733624454148471,0.008733624454148471,0.008733624454148471
అయిన,0.9229357798165138,0.003669724770642202,0.003669724770642202,0.007339449541284404,0.012844036697247707,0.003669724770642202,0.003669724770642202,0.011009174311926606,0.003669724770642202,0.003669724770642202,0.003669724770642202,0.005504587155963303,0.003669724770642202,0.003669724770642202,0.007339449541284404
##ఢ,0.6629213483146067,0.011235955056179775,0.011235955056179775,0.02247191011235955,0.011235955056179775,0.02247191011235955,0.02247191011235955,0.011235955056179775,0.011235955056179775,0.02247191011235955,0.011235955056179775,0.011235955056179775,0.028089887640449437,0.016853932584269662,0.011235955056179775,0.011235955056179775,0.016853932584269662,0.011235955056179775,0.011235955056179775,0.011235955056179775,0.011235955056179775,0.011235955056179775,0.016853932584269662,0.011235955056179775
ట,0.86875,0.01875,0.01875,0.0125,0.025,0.01875,0.0125,0.0125,0.0125
##ల్లి,0.8333333333333334,0.03333333333333333,0.02666666666666667,0.013333333333333334,0.013333333333333334,0.013333333333333334,0.013333333333333334,0.013333333333333334,0.013333333333333334,0.013333333333333334,0.013333333333333334
##గం,0.9234972677595629,0.00546448087431694,0.00546448087431694,0.01092896174863388,0.00546448087431694,0.01366120218579235,0.00819672131147541,0.00546448087431694,0.00546448087431694,0.00546448087431694,0.00546448087431694,0.00546448087431694
##క్తి,0.9717741935483871,0.004032258064516129,0.008064516129032258,0.004032258064516129,0.004032258064516129,0.004032258064516129,0.004032258064516129
##ఇ,0.9607142857142857,0.010714285714285714,0.007142857142857143,0.007142857142857143,0.007142857142857143,0.007142857142857143
##ందుకు,0.9494949494949495,0.006734006734006734,0.006734006734006734,0.013468013468013467,0.010101010101010102,0.006734006734006734,0.006734006734006734
కొన్ని,0.9645569620253165,0.005063291139240506,0.005063291139240506,0.005063291139240506,0.005063291139240506,0.005063291139240506,0.005063291139240506,0.005063291139240506
##పాటు,0.015625,0.7604166666666666,0.010416666666666666,0.026041666666666668,0.010416666666666666,0.015625,0.010416666666666666,0.010416666666666666,0.03125,0.015625,0.015625,0.010416666666666666,0.010416666666666666,0.015625,0.010416666666666666,0.010416666666666666,0.010416666666666666,0.010416666666666666
##బరు,0.7034700315457413,0.006309148264984227,0.006309148264984227,0.006309148264984227,0.006309148264984227,0.006309148264984227,0.012618296529968454,0.012618296529968454,0.006309148264984227,0.00946372239747634,0.006309148264984227,0.00946372239747634,0.006309148264984227,0.006309148264984227,0.00946372239747634,0.006309148264984227,0.006309148264984227,0.006309148264984227,0.022082018927444796,0.006309148264984227,0.006309148264984227,0.01892744479495268,0.006309148264984227,0.012618296529968454,0.006309148264984227,0.015772870662460567,0.006309148264984227,0.006309148264984227,0.006309148264984227,0.006309148264984227,0.00946372239747634,0.006309148264984227,0.006309148264984227,0.006309148264984227,0.006309148264984227,0.006309148264984227,0.006309148264984227
##కులు,0.6,0.4
దీని,0.9166666666666666,0.01,0.01,0.01,0.01,0.006666666666666667,0.006666666666666667,0.01,0.006666666666666667,0.006666666666666667,0.006666666666666667
##ఛ,0.9263456090651558,0.0056657223796034,0.0056657223796034,0.0056657223796034,0.0084985835694051,0.0056657223796034,0.0056657223796034,0.0056657223796034,0.014164305949008499,0.0084985835694051,0.0084985835694051
##త్తమ,0.660377358490566,0.03773584905660377,0.21226415094339623,0.009433962264150943,0.009433962264150943,0.009433962264150943,0.009433962264150943,0.009433962264150943,0.009433962264150943,0.009433962264150943,0.014150943396226415,0.009433962264150943
##ాయి,0.908675799086758,0.0136986301369863,0.0091324200913242,0.0091324200913242,0.0182648401826484,0.0091324200913242,0.0091324200913242,0.0091324200913242,0.0136986301369863
##రం,0.838150289017341,0.011560693641618497,0.011560693641618497,0.028901734104046242,0.011560693641618497,0.011560693641618497,0.011560693641618497,0.011560693641618497,0.011560693641618497,0.011560693641618497,0.017341040462427744,0.011560693641618497,0.011560693641618497
##తం,0.8769716088328076,0.015772870662460567,0.006309148264984227,0.006309148264984227,0.006309148264984227,0.01892744479495268,0.006309148264984227,0.00946372239747634,0.006309148264984227,0.015772870662460567,0.006309148264984227,0.006309148264984227,0.006309148264984227,0.006309148264984227,0.006309148264984227
ఖ,0.011363636363636364,0.7727272727272727,0.022727272727272728,0.022727272727272728,0.045454545454545456,0.011363636363636364,0.022727272727272728,0.028409090909090908,0.011363636363636364,0.011363636363636364,0.011363636363636364,0.017045454545454544,0.011363636363636364
##ాలను,0.9576923076923077,0.0038461538461538464,0.0038461538461538464,0.0038461538461538464,0.0038461538461538464,0.0038461538461538464,0.0038461538461538464,0.0038461538461538464,0.0038461538461538464,0.0038461538461538464,0.0038461538461538464,0.0038461538461538464
##ొన్న,0.15789473684210525,0.6710526315789473,0.02631578947368421,0.039473684210526314,0.02631578947368421,0.02631578947368421,0.02631578947368421,0.02631578947368421
##కాల,0.29411764705882354,0.7058823529411765
##పం,0.910958904109589,0.00684931506849315,0.00684931506849315,0.00684931506849315,0.017123287671232876,0.00684931506849315,0.00684931506849315,0.00684931506849315,0.00684931506849315,0.00684931506849315,0.00684931506849315,0.010273972602739725
##యని,0.5,0.5
యొక్క,0.7662337662337663,0.14285714285714285,0.012987012987012988,0.012987012987012988,0.012987012987012988,0.012987012987012988,0.012987012987012988,0.012987012987012988,0.012987012987012988
##దం,0.8305084745762712,0.022598870056497175,0.011299435028248588,0.011299435028248588,0.011299435028248588,0.011299435028248588,0.011299435028248588,0.011299435028248588,0.011299435028248588,0.01694915254237288,0.011299435028248588,0.01694915254237288,0.011299435028248588,0.011299435028248588
##డం,0.9393939393939394,0.009324009324009324,0.006993006993006993,0.011655011655011656,0.004662004662004662,0.004662004662004662,0.004662004662004662,0.004662004662004662,0.004662004662004662,0.004662004662004662,0.004662004662004662
##తలు,0.916955017301038,0.020761245674740483,0.020761245674740483,0.006920415224913495,0.006920415224913495,0.006920415224913495,0.010380622837370242,0.010380622837370242
##తూ,0.9130434782608695,0.007246376811594203,0.007246376811594203,0.004830917874396135,0.00966183574879227,0.004830917874396135,0.007246376811594203,0.007246376811594203,0.004830917874396135,0.007246376811594203,0.004830917874396135,0.004830917874396135,0.004830917874396135,0.007246376811594203,0.004830917874396135
ఇద్దరు,0.7142857142857143,0.04081632653061224,0.04081632653061224,0.04081632653061224,0.04081632653061224,0.04081632653061224,0.04081632653061224,0.04081632653061224
స్త్రీల,0.9574468085106383,0.00911854103343465,0.00911854103343465,0.0060790273556231,0.0060790273556231,0.0060790273556231,0.0060790273556231
##వులు,0.9,0.027586206896551724,0.006896551724137931,0.006896551724137931,0.02413793103448276,0.006896551724137931,0.006896551724137931,0.006896551724137931,0.006896551724137931,0.006896551724137931
ఓ,0.9598393574297188,0.01606425702811245,0.008032128514056224,0.008032128514056224,0.008032128514056224
##ళి,0.7692307692307693,0.23076923076923078
##్రం,0.7164179104477612,0.03731343283582089,0.029850746268656716,0.07462686567164178,0.014925373134328358,0.014925373134328358,0.022388059701492536,0.014925373134328358,0.05223880597014925,0.022388059701492536
##ించిన,0.8623188405797102,0.06521739130434782,0.028985507246376812,0.014492753623188406,0.014492753623188406,0.014492753623188406
మూడు,0.8846153846153846,0.006993006993006993,0.017482517482517484,0.055944055944055944,0.013986013986013986,0.006993006993006993,0.006993006993006993,0.006993006993006993
కలిగిన,0.9,0.064,0.012,0.008,0.008,0.008
లోను,0.9522546419098143,0.005305039787798408,0.005305039787798408,0.005305039787798408,0.005305039787798408,0.005305039787798408,0.005305039787798408,0.005305039787798408,0.005305039787798408,0.005305039787798408
##నూ,0.8619631901840491,0.012269938650306749,0.009202453987730062,0.03067484662576687,0.006134969325153374,0.006134969325153374,0.006134969325153374,0.006134969325153374,0.006134969325153374,0.006134969325153374,0.006134969325153374,0.006134969325153374,0.006134969325153374,0.009202453987730062,0.006134969325153374,0.006134969325153374,0.009202453987730062
##ారం,0.8828125,0.0078125,0.0078125,0.01171875,0.0078125,0.0078125,0.01171875,0.01953125,0.01171875,0.0078125,0.0078125,0.0078125,0.0078125
వారం,0.892018779342723,0.009389671361502348,0.009389671361502348,0.04225352112676056,0.009389671361502348,0.009389671361502348,0.009389671361502348,0.009389671361502348,0.009389671361502348
ముగ్గురు,0.9441176470588235,0.0058823529411764705,0.0058823529411764705,0.0058823529411764705,0.0058823529411764705,0.008823529411764706,0.0058823529411764705,0.0058823529411764705,0.0058823529411764705,0.0058823529411764705
##లోని,0.8484848484848485,0.021645021645021644,0.04329004329004329,0.012987012987012988,0.012987012987012988,0.008658008658008658,0.008658008658008658,0.008658008658008658,0.008658008658008658,0.008658008658008658,0.008658008658008658,0.008658008658008658
##టన్,0.033707865168539325,0.2808988764044944,0.02247191011235955,0.11235955056179775,0.02247191011235955,0.033707865168539325,0.02247191011235955,0.02247191011235955,0.02247191011235955,0.02247191011235955,0.033707865168539325,0.02247191011235955,0.02247191011235955,0.02247191011235955,0.02247191011235955,0.02247191011235955,0.02247191011235955,0.02247191011235955,0.02247191011235955,0.033707865168539325,0.02247191011235955,0.033707865168539325,0.02247191011235955,0.033707865168539325,0.02247191011235955,0.02247191011235955
కాని,0.014218009478672985,0.919431279620853,0.009478672985781991,0.009478672985781991,0.014218009478672985,0.009478672985781991,0.023696682464454975
##పాడు,0.4392523364485981,0.018691588785046728,0.028037383177570093,0.19626168224299065,0.018691588785046728,0.018691588785046728,0.018691588785046728,0.018691588785046728,0.018691588785046728,0.018691588785046728,0.028037383177570093,0.037383177570093455,0.07476635514018691,0.018691588785046728,0.028037383177570093,0.018691588785046728
వరకు,0.9722222222222222,0.004629629629629629,0.004629629629629629,0.004629629629629629,0.004629629629629629,0.004629629629629629,0.004629629629629629
##టలు,0.9113573407202216,0.008310249307479225,0.013850415512465374,0.00554016620498615,0.00554016620498615,0.008310249307479225,0.0110803324099723,0.00554016620498615,0.00554016620498615,0.00554016620498615,0.008310249307479225,0.00554016620498615,0.00554016620498615
##ొండ,0.9292307692307692,0.012307692307692308,0.006153846153846154,0.009230769230769232,0.006153846153846154,0.006153846153846154,0.006153846153846154,0.009230769230769232,0.009230769230769232,0.006153846153846154
##కాలు,0.9547325102880658,0.00823045267489712,0.006172839506172839,0.00411522633744856,0.00411522633744856,0.00411522633744856,0.00411522633744856,0.006172839506172839,0.00411522633744856,0.00411522633744856
మొదలైన,0.927536231884058,0.004140786749482402,0.004140786749482402,0.004140786749482402,0.004140786749482402,0.004140786749482402,0.006211180124223602,0.014492753623188406,0.010351966873706004,0.004140786749482402,0.004140786749482402,0.004140786749482402,0.004140786749482402,0.004140786749482402
##ఘ,0.42857142857142855,0.5714285714285714
##ణి,0.9442970822281167,0.007957559681697613,0.010610079575596816,0.005305039787798408,0.005305039787798408,0.005305039787798408,0.005305039787798408,0.005305039787798408,0.005305039787798408,0.005305039787798408
##ాల్,0.4508670520231214,0.24277456647398843,0.011560693641618497,0.08670520231213873,0.011560693641618497,0.011560693641618497,0.011560693641618497,0.011560693641618497,0.023121387283236993,0.011560693641618497,0.011560693641618497,0.011560693641618497,0.011560693641618497,0.011560693641618497,0.017341040462427744,0.011560693641618497,0.011560693641618497,0.017341040462427744,0.011560693641618497,0.011560693641618497
##తమైన,0.8897058823529411,0.007352941176470588,0.007352941176470588,0.03308823529411765,0.022058823529411766,0.014705882352941176,0.011029411764705883,0.007352941176470588,0.007352941176470588
వ్యవసాయ,0.23404255319148937,0.10638297872340426,0.02127659574468085,0.031914893617021274,0.02127659574468085,0.02127659574468085,0.031914893617021274,0.02127659574468085,0.02127659574468085,0.02127659574468085,0.02127659574468085,0.02127659574468085,0.02127659574468085,0.031914893617021274,0.02127659574468085,0.05319148936170213,0.02127659574468085,0.031914893617021274,0.02127659574468085,0.02127659574468085,0.02127659574468085,0.02127659574468085,0.02127659574468085,0.02127659574468085,0.031914893617021274,0.02127659574468085,0.02127659574468085,0.02127659574468085,0.02127659574468085
##గర్,0.6585365853658537,0.04878048780487805,0.07317073170731707,0.07317073170731707,0.04878048780487805,0.04878048780487805,0.04878048780487805
##తీ,0.5,0.5
##ాలి,0.9584352078239609,0.007334963325183374,0.004889975550122249,0.004889975550122249,0.004889975550122249,0.004889975550122249,0.004889975550122249,0.004889975550122249,0.004889975550122249
ణ,0.7362637362637363,0.01098901098901099,0.01098901098901099,0.01098901098901099,0.01098901098901099,0.01098901098901099,0.01098901098901099,0.01098901098901099,0.016483516483516484,0.01098901098901099,0.01098901098901099,0.01098901098901099,0.027472527472527472,0.01098901098901099,0.01098901098901099,0.01098901098901099,0.01098901098901099,0.01098901098901099,0.01098901098901099,0.01098901098901099,0.01098901098901099,0.01098901098901099,0.01098901098901099
##లూ,0.966,0.004,0.004,0.004,0.006,0.004,0.004,0.004,0.004
##జా,0.2222222222222222,0.7777777777777778
##ీరు,0.3333333333333333,0.6666666666666666
##టే,0.9172932330827067,0.012531328320802004,0.03007518796992481,0.005012531328320802,0.005012531328320802,0.005012531328320802,0.007518796992481203,0.005012531328320802,0.005012531328320802,0.007518796992481203
##టం,0.8934240362811792,0.022675736961451247,0.0045351473922902496,0.0045351473922902496,0.006802721088435374,0.0045351473922902496,0.009070294784580499,0.006802721088435374,0.0045351473922902496,0.011337868480725623,0.0045351473922902496,0.0045351473922902496,0.0045351473922902496,0.0045351473922902496,0.0045351473922902496,0.0045351473922902496,0.0045351473922902496
##గే,0.011194029850746268,0.9291044776119403,0.007462686567164179,0.007462686567164179,0.014925373134328358,0.007462686567164179,0.007462686567164179,0.007462686567164179,0.007462686567164179
ముందు,0.007936507936507936,0.8968253968253969,0.007936507936507936,0.015873015873015872,0.015873015873015872,0.007936507936507936,0.01984126984126984,0.007936507936507936,0.007936507936507936,0.011904761904761904
##రాల,0.945679012345679,0.007407407407407408,0.0049382716049382715,0.0049382716049382715,0.0049382716049382715,0.0049382716049382715,0.0049382716049382715,0.0049382716049382715,0.007407407407407408,0.0049382716049382715,0.0049382716049382715
##ళ్ళు,0.022026431718061675,0.09251101321585903,0.00881057268722467,0.03524229074889868,0.00881057268722467,0.1145374449339207,0.00881057268722467,0.030837004405286344,0.022026431718061675,0.18502202643171806,0.022026431718061675,0.00881057268722467,0.00881057268722467,0.030837004405286344,0.01762114537444934,0.00881057268722467,0.00881057268722467,0.013215859030837005,0.013215859030837005,0.00881057268722467,0.00881057268722467,0.00881057268722467,0.013215859030837005,0.00881057268722467,0.00881057268722467,0.013215859030837005,0.00881057268722467,0.00881057268722467,0.02643171806167401,0.00881057268722467,0.00881057268722467,0.00881057268722467,0.013215859030837005,0.013215859030837005,0.00881057268722467,0.00881057268722467,0.013215859030837005,0.030837004405286344,0.00881057268722467,0.00881057268722467,0.00881057268722467,0.00881057268722467,0.00881057268722467,0.00881057268722467,0.013215859030837005,0.00881057268722467,0.00881057268722467,0.00881057268722467,0.00881057268722467,0.00881057268722467
సంచార,0.9110070257611241,0.0351288056206089,0.00468384074941452,0.00468384074941452,0.00468384074941452,0.00468384074941452,0.00468384074941452,0.00936768149882904,0.00702576112412178,0.00468384074941452,0.00468384074941452,0.00468384074941452
దక్షిణ,0.5,0.5
సమీప,0.9698924731182795,0.004301075268817204,0.004301075268817204,0.004301075268817204,0.004301075268817204,0.004301075268817204,0.004301075268817204,0.004301075268817204
##త్తి,0.9449838187702265,0.006472491909385114,0.006472491909385114,0.006472491909385114,0.006472491909385114,0.006472491909385114,0.009708737864077669,0.006472491909385114,0.006472491909385114
ఉత్తర,0.9253731343283582,0.009950248756218905,0.029850746268656716,0.014925373134328358,0.009950248756218905,0.009950248756218905
లోని,0.9708171206225681,0.0038910505836575876,0.0038910505836575876,0.0038910505836575876,0.005836575875486381,0.005836575875486381,0.005836575875486381
బి,0.38461538461538464,0.6153846153846154
ఉప,0.943069306930693,0.022277227722772276,0.01485148514851485,0.0049504950495049506,0.0049504950495049506,0.0049504950495049506,0.0049504950495049506
##రమైన,0.9675925925925926,0.006944444444444444,0.004629629629629629,0.006944444444444444,0.004629629629629629,0.004629629629629629,0.004629629629629629
##నాలు,0.06,0.44,0.06,0.08,0.04,0.06,0.04,0.04,0.04,0.06,0.04,0.04
##తాయి,0.5661764705882353,0.01838235294117647,0.12867647058823528,0.014705882352941176,0.007352941176470588,0.007352941176470588,0.007352941176470588,0.007352941176470588,0.007352941176470588,0.007352941176470588,0.025735294117647058,0.007352941176470588,0.007352941176470588,0.007352941176470588,0.011029411764705883,0.007352941176470588,0.007352941176470588,0.007352941176470588,0.007352941176470588,0.011029411764705883,0.011029411764705883,0.007352941176470588,0.007352941176470588,0.007352941176470588,0.007352941176470588,0.007352941176470588,0.007352941176470588,0.007352941176470588,0.007352941176470588,0.007352941176470588,0.007352941176470588,0.007352941176470588,0.007352941176470588,0.007352941176470588,0.007352941176470588,0.007352941176470588,0.007352941176470588
##నలు,0.8271604938271605,0.0205761316872428,0.00823045267489712,0.012345679012345678,0.012345679012345678,0.00823045267489712,0.01646090534979424,0.00823045267489712,0.024691358024691357,0.00823045267489712,0.012345679012345678,0.00823045267489712,0.00823045267489712,0.01646090534979424,0.00823045267489712
##కుడు,0.9345088161209067,0.005037783375314861,0.005037783375314861,0.005037783375314861,0.02518891687657431,0.005037783375314861,0.005037783375314861,0.005037783375314861,0.005037783375314861,0.005037783375314861
అన్ని,0.17647058823529413,0.6568627450980392,0.0196078431372549,0.029411764705882353,0.0196078431372549,0.0196078431372549,0.0196078431372549,0.0196078431372549,0.0196078431372549,0.0196078431372549
ఇవి,0.8905775075987842,0.00911854103343465,0.00911854103343465,0.0060790273556231,0.0060790273556231,0.0060790273556231,0.0060790273556231,0.0060790273556231,0.0060790273556231,0.0060790273556231,0.0060790273556231,0.0060790273556231,0.0060790273556231,0.0060790273556231,0.0060790273556231,0.0060790273556231,0.0060790273556231,0.0060790273556231
జరిగిన,0.8248175182481752,0.014598540145985401,0.072992700729927,0.014598540145985401,0.021897810218978103,0.014598540145985401,0.021897810218978103,0.014598540145985401
లేని,0.8272727272727273,0.07727272727272727,0.00909090909090909,0.00909090909090909,0.00909090909090909,0.00909090909090909,0.00909090909090909,0.00909090909090909,0.013636363636363636,0.00909090909090909,0.00909090909090909,0.00909090909090909
##తే,0.962882096069869,0.006550218340611353,0.006550218340611353,0.004366812227074236,0.004366812227074236,0.006550218340611353,0.004366812227074236,0.004366812227074236
##వరి,0.006622516556291391,0.9006622516556292,0.006622516556291391,0.006622516556291391,0.019867549668874173,0.013245033112582781,0.006622516556291391,0.013245033112582781,0.006622516556291391,0.006622516556291391,0.006622516556291391,0.006622516556291391
సంపూర్ణ,0.9755600814663951,0.004073319755600814,0.006109979633401222,0.006109979633401222,0.004073319755600814,0.004073319755600814
ఇక్కడ,0.8699551569506726,0.017937219730941704,0.013452914798206279,0.008968609865470852,0.008968609865470852,0.017937219730941704,0.008968609865470852,0.008968609865470852,0.008968609865470852,0.008968609865470852,0.017937219730941704,0.008968609865470852
##ఐ,0.956140350877193,0.0035087719298245615,0.008771929824561403,0.012280701754385965,0.0035087719298245615,0.0035087719298245615,0.005263157894736842,0.0035087719298245615,0.0035087719298245615
కాగా,0.9292682926829269,0.007317073170731708,0.004878048780487805,0.004878048780487805,0.004878048780487805,0.01707317073170732,0.004878048780487805,0.004878048780487805,0.004878048780487805,0.007317073170731708,0.004878048780487805,0.004878048780487805
##రాలు,0.9087947882736156,0.006514657980456026,0.006514657980456026,0.006514657980456026,0.006514657980456026,0.006514657980456026,0.006514657980456026,0.006514657980456026,0.006514657980456026,0.006514657980456026,0.006514657980456026,0.006514657980456026,0.006514657980456026,0.006514657980456026,0.006514657980456026
నీటి,0.004454342984409799,0.9376391982182628,0.028953229398663696,0.011135857461024499,0.008908685968819599,0.004454342984409799,0.004454342984409799
##యారు,0.2972972972972973,0.16216216216216217,0.05405405405405406,0.05405405405405406,0.05405405405405406,0.05405405405405406,0.05405405405405406,0.05405405405405406,0.05405405405405406,0.05405405405405406,0.05405405405405406,0.05405405405405406
అనేక,0.9678899082568807,0.013761467889908258,0.009174311926605505,0.009174311926605505
మాత్రమే,0.8157894736842105,0.017543859649122806,0.017543859649122806,0.017543859649122806,0.02631578947368421,0.017543859649122806,0.03508771929824561,0.017543859649122806,0.017543859649122806,0.017543859649122806
##టా,0.012121212121212121,0.8848484848484849,0.01818181818181818,0.024242424242424242,0.012121212121212121,0.012121212121212121,0.012121212121212121,0.012121212121212121,0.012121212121212121
##ెన్,0.8441558441558441,0.017316017316017316,0.06493506493506493,0.012987012987012988,0.012987012987012988,0.008658008658008658,0.012987012987012988,0.008658008658008658,0.008658008658008658,0.008658008658008658
తక్కువ,0.7894736842105263,0.07017543859649122,0.03508771929824561,0.07017543859649122,0.03508771929824561
##ఒ,0.8850855745721271,0.007334963325183374,0.017114914425427872,0.004889975550122249,0.009779951100244499,0.012224938875305624,0.004889975550122249,0.007334963325183374,0.004889975550122249,0.004889975550122249,0.007334963325183374,0.004889975550122249,0.004889975550122249,0.007334963325183374,0.007334963325183374,0.004889975550122249,0.004889975550122249
ఎక్కువ,0.8962264150943396,0.04716981132075472,0.018867924528301886,0.018867924528301886,0.018867924528301886
పిన్,0.7572254335260116,0.005780346820809248,0.005780346820809248,0.005780346820809248,0.014450867052023121,0.014450867052023121,0.02023121387283237,0.005780346820809248,0.014450867052023121,0.005780346820809248,0.005780346820809248,0.008670520231213872,0.008670520231213872,0.005780346820809248,0.005780346820809248,0.008670520231213872,0.005780346820809248,0.005780346820809248,0.008670520231213872,0.005780346820809248,0.005780346820809248,0.008670520231213872,0.011560693641618497,0.005780346820809248,0.005780346820809248,0.005780346820809248,0.005780346820809248,0.005780346820809248,0.005780346820809248,0.005780346820809248,0.008670520231213872,0.005780346820809248
ఘ,0.5,0.5
కొరకు,0.9148148148148149,0.022222222222222223,0.007407407407407408,0.011111111111111112,0.014814814814814815,0.007407407407407408,0.007407407407407408,0.007407407407407408,0.007407407407407408
లేదు,0.6086956521739131,0.2546583850931677,0.055900621118012424,0.012422360248447204,0.012422360248447204,0.012422360248447204,0.018633540372670808,0.024844720496894408
##ః,0.8731343283582089,0.007462686567164179,0.011194029850746268,0.014925373134328358,0.007462686567164179,0.029850746268656716,0.007462686567164179,0.007462686567164179,0.007462686567164179,0.007462686567164179,0.007462686567164179,0.011194029850746268,0.007462686567164179
##పతి,0.84375,0.025,0.0125,0.0125,0.0125,0.0125,0.0125,0.0125,0.01875,0.0125,0.0125,0.0125
(,0.9558441558441558,0.005194805194805195,0.005194805194805195,0.005194805194805195,0.01038961038961039,0.007792207792207792,0.005194805194805195,0.005194805194805195
),0.199203187250996,0.5976095617529881,0.00796812749003984,0.08366533864541832,0.00796812749003984,0.01195219123505976,0.01195219123505976,0.00796812749003984,0.01195219123505976,0.01593625498007968,0.00796812749003984,0.00796812749003984,0.00796812749003984,0.01195219123505976,0.00796812749003984
##ాగా,0.9093851132686084,0.016181229773462782,0.045307443365695796,0.006472491909385114,0.006472491909385114,0.006472491909385114,0.009708737864077669
చాలా,0.045454545454545456,0.22727272727272727,0.20454545454545456,0.045454545454545456,0.045454545454545456,0.045454545454545456,0.06818181818181818,0.045454545454545456,0.045454545454545456,0.045454545454545456,0.045454545454545456,0.045454545454545456,0.045454545454545456,0.045454545454545456
మేత,0.8403614457831325,0.006024096385542169,0.018072289156626505,0.006024096385542169,0.02108433734939759,0.006024096385542169,0.006024096385542169,0.006024096385542169,0.006024096385542169,0.006024096385542169,0.006024096385542169,0.018072289156626505,0.006024096385542169,0.006024096385542169,0.006024096385542169,0.006024096385542169,0.006024096385542169,0.006024096385542169,0.006024096385542169,0.006024096385542169,0.006024096385542169
వస్తువులు,0.02962962962962963,0.022222222222222223,0.044444444444444446,0.014814814814814815,0.1037037037037037,0.014814814814814815,0.05925925925925926,0.014814814814814815,0.014814814814814815,0.014814814814814815,0.037037037037037035,0.014814814814814815,0.014814814814814815,0.02962962962962963,0.044444444444444446,0.022222222222222223,0.014814814814814815,0.022222222222222223,0.014814814814814815,0.02962962962962963,0.014814814814814815,0.022222222222222223,0.014814814814814815,0.014814814814814815,0.014814814814814815,0.014814814814814815,0.014814814814814815,0.014814814814814815,0.014814814814814815,0.014814814814814815,0.014814814814814815,0.014814814814814815,0.014814814814814815,0.014814814814814815,0.014814814814814815,0.014814814814814815,0.014814814814814815,0.014814814814814815,0.014814814814814815,0.014814814814814815,0.014814814814814815,0.014814814814814815,0.014814814814814815,0.014814814814814815,0.014814814814814815,0.014814814814814815,0.014814814814814815,0.014814814814814815
##కుని,0.9575757575757575,0.012121212121212121,0.006060606060606061,0.006060606060606061,0.00909090909090909,0.00909090909090909
గ్రామము,0.9417721518987342,0.012658227848101266,0.005063291139240506,0.007594936708860759,0.007594936708860759,0.005063291139240506,0.005063291139240506,0.005063291139240506,0.010126582278481013
##రియా,0.6341463414634146,0.016260162601626018,0.016260162601626018,0.024390243902439025,0.024390243902439025,0.016260162601626018,0.10569105691056911,0.016260162601626018,0.032520325203252036,0.04065040650406504,0.016260162601626018,0.024390243902439025,0.016260162601626018,0.016260162601626018
శిశు,0.9030470914127424,0.00554016620498615,0.00554016620498615,0.00554016620498615,0.00554016620498615,0.00554016620498615,0.0221606648199446,0.00554016620498615,0.00554016620498615,0.00554016620498615,0.00554016620498615,0.00554016620498615,0.008310249307479225,0.00554016620498615,0.00554016620498615
ప్రత్యేక,0.8132530120481928,0.024096385542168676,0.03614457831325301,0.012048192771084338,0.012048192771084338,0.018072289156626505,0.012048192771084338,0.012048192771084338,0.012048192771084338,0.012048192771084338,0.012048192771084338,0.012048192771084338,0.012048192771084338
##ధించిన,0.9387755102040817,0.0058309037900874635,0.0058309037900874635,0.0058309037900874635,0.0058309037900874635,0.0058309037900874635,0.0058309037900874635,0.008746355685131196,0.0058309037900874635,0.0058309037900874635,0.0058309037900874635
నీరు,0.9643435980551054,0.0032414910858995136,0.0032414910858995136,0.0032414910858995136,0.008103727714748784,0.0032414910858995136,0.0032414910858995136,0.004862236628849271,0.0032414910858995136,0.0032414910858995136
##ఏ,0.8376068376068376,0.017094017094017096,0.017094017094017096,0.017094017094017096,0.017094017094017096,0.017094017094017096,0.017094017094017096,0.017094017094017096,0.017094017094017096,0.02564102564102564
##ాన్,0.9242105263157895,0.004210526315789474,0.004210526315789474,0.02526315789473684,0.004210526315789474,0.004210526315789474,0.004210526315789474,0.004210526315789474,0.004210526315789474,0.004210526315789474,0.004210526315789474,0.004210526315789474,0.004210526315789474,0.004210526315789474
##ఓ,0.34265734265734266,0.027972027972027972,0.013986013986013986,0.02097902097902098,0.013986013986013986,0.027972027972027972,0.013986013986013986,0.02097902097902098,0.02097902097902098,0.013986013986013986,0.013986013986013986,0.02097902097902098,0.04895104895104895,0.02097902097902098,0.013986013986013986,0.013986013986013986,0.013986013986013986,0.02097902097902098,0.02097902097902098,0.013986013986013986,0.013986013986013986,0.027972027972027972,0.013986013986013986,0.027972027972027972,0.013986013986013986,0.013986013986013986,0.013986013986013986,0.013986013986013986,0.013986013986013986,0.013986013986013986,0.013986013986013986,0.027972027972027972,0.027972027972027972,0.013986013986013986,0.013986013986013986,0.013986013986013986
[UNK],0.8823529411764706,0.00904977375565611,0.08144796380090498,0.00904977375565611,0.00904977375565611,0.00904977375565611
ఒకటి,0.8253968253968254,0.023809523809523808,0.015873015873015872,0.015873015873015872,0.015873015873015872,0.015873015873015872,0.023809523809523808,0.015873015873015872,0.015873015873015872,0.015873015873015872,0.015873015873015872
##ంతో,0.026785714285714284,0.6517857142857143,0.03571428571428571,0.017857142857142856,0.017857142857142856,0.017857142857142856,0.017857142857142856,0.017857142857142856,0.03571428571428571,0.017857142857142856,0.017857142857142856,0.017857142857142856,0.017857142857142856,0.017857142857142856,0.017857142857142856,0.017857142857142856,0.017857142857142856,0.017857142857142856
వలన,0.8225806451612904,0.016129032258064516,0.04032258064516129,0.016129032258064516,0.016129032258064516,0.016129032258064516,0.016129032258064516,0.016129032258064516,0.024193548387096774,0.016129032258064516
-,0.8536585365853658,0.024390243902439025,0.006968641114982578,0.006968641114982578,0.006968641114982578,0.006968641114982578,0.006968641114982578,0.006968641114982578,0.006968641114982578,0.017421602787456445,0.006968641114982578,0.010452961672473868,0.006968641114982578,0.010452961672473868,0.006968641114982578,0.006968641114982578,0.006968641114982578
కాలువల,0.041666666666666664,0.08333333333333333,0.125,0.041666666666666664,0.041666666666666664,0.16666666666666666,0.041666666666666664,0.041666666666666664,0.041666666666666664,0.041666666666666664,0.041666666666666664,0.041666666666666664,0.041666666666666664,0.041666666666666664,0.041666666666666664,0.041666666666666664,0.041666666666666664,0.041666666666666664
##ొత్త,0.8555555555555555,0.007407407407407408,0.014814814814814815,0.007407407407407408,0.007407407407407408,0.007407407407407408,0.011111111111111112,0.007407407407407408,0.007407407407407408,0.007407407407407408,0.007407407407407408,0.018518518518518517,0.022222222222222223,0.007407407407407408,0.011111111111111112
లేరు,0.9225806451612903,0.004301075268817204,0.0064516129032258064,0.004301075268817204,0.004301075268817204,0.004301075268817204,0.004301075268817204,0.004301075268817204,0.004301075268817204,0.0064516129032258064,0.0064516129032258064,0.004301075268817204,0.004301075268817204,0.004301075268817204,0.004301075268817204,0.0064516129032258064,0.004301075268817204
##ర్తి,0.8605769230769231,0.02403846153846154,0.03365384615384615,0.009615384615384616,0.009615384615384616,0.009615384615384616,0.014423076923076924,0.009615384615384616,0.014423076923076924,0.014423076923076924
##ల్లో,0.9826388888888888,0.003472222222222222,0.003472222222222222,0.003472222222222222,0.003472222222222222,0.003472222222222222
అదే,0.9721577726218097,0.004640371229698376,0.0069605568445475635,0.004640371229698376,0.0069605568445475635,0.004640371229698376
ఎక్కువగా,0.7,0.05454545454545454,0.06363636363636363,0.01818181818181818,0.01818181818181818,0.01818181818181818,0.01818181818181818,0.01818181818181818,0.01818181818181818,0.01818181818181818,0.01818181818181818,0.01818181818181818,0.01818181818181818
డి,0.043478260869565216,0.30434782608695654,0.043478260869565216,0.043478260869565216,0.30434782608695654,0.043478260869565216,0.043478260869565216,0.043478260869565216,0.043478260869565216,0.043478260869565216,0.043478260869565216
##ాలలో,0.9844054580896686,0.003898635477582846,0.003898635477582846,0.003898635477582846,0.003898635477582846
##ఎ,0.816,0.064,0.024,0.016,0.016,0.032,0.016,0.016
ఒకరు,0.42016806722689076,0.025210084033613446,0.09243697478991597,0.03361344537815126,0.025210084033613446,0.01680672268907563,0.01680672268907563,0.01680672268907563,0.01680672268907563,0.01680672268907563,0.01680672268907563,0.01680672268907563,0.01680672268907563,0.058823529411764705,0.025210084033613446,0.025210084033613446,0.01680672268907563,0.01680672268907563,0.025210084033613446,0.01680672268907563,0.01680672268907563,0.01680672268907563,0.01680672268907563,0.01680672268907563,0.01680672268907563
కుటుంబ,0.8861386138613861,0.024752475247524754,0.009900990099009901,0.01485148514851485,0.01485148514851485,0.009900990099009901,0.009900990099009901,0.009900990099009901,0.009900990099009901,0.009900990099009901
ఉన్నారు,0.8565891472868217,0.007751937984496124,0.015503875968992248,0.007751937984496124,0.007751937984496124,0.007751937984496124,0.007751937984496124,0.007751937984496124,0.011627906976744186,0.007751937984496124,0.007751937984496124,0.007751937984496124,0.007751937984496124,0.007751937984496124,0.007751937984496124,0.007751937984496124,0.007751937984496124,0.007751937984496124
ఇతర,0.026785714285714284,0.6517857142857143,0.017857142857142856,0.08035714285714286,0.017857142857142856,0.0625,0.017857142857142856,0.026785714285714284,0.017857142857142856,0.044642857142857144,0.017857142857142856,0.017857142857142856
##లయం,0.7777777777777778,0.012345679012345678,0.012345679012345678,0.012345679012345678,0.09259259259259259,0.012345679012345678,0.012345679012345678,0.018518518518518517,0.012345679012345678,0.012345679012345678,0.012345679012345678,0.012345679012345678
##ెస్,0.8642297650130548,0.007832898172323759,0.005221932114882507,0.005221932114882507,0.007832898172323759,0.013054830287206266,0.005221932114882507,0.005221932114882507,0.007832898172323759,0.005221932114882507,0.007832898172323759,0.005221932114882507,0.005221932114882507,0.013054830287206266,0.007832898172323759,0.005221932114882507,0.005221932114882507,0.007832898172323759,0.005221932114882507,0.005221932114882507,0.005221932114882507
ఎస్,0.9224318658280922,0.0041928721174004195,0.0041928721174004195,0.008385744234800839,0.006289308176100629,0.006289308176100629,0.0041928721174004195,0.0041928721174004195,0.0041928721174004195,0.006289308176100629,0.008385744234800839,0.0041928721174004195,0.0041928721174004195,0.0041928721174004195,0.0041928721174004195,0.0041928721174004195
##మన్,0.7993630573248408,0.012738853503184714,0.006369426751592357,0.009554140127388535,0.006369426751592357,0.006369426751592357,0.006369426751592357,0.006369426751592357,0.006369426751592357,0.006369426751592357,0.009554140127388535,0.006369426751592357,0.006369426751592357,0.006369426751592357,0.006369426751592357,0.006369426751592357,0.006369426751592357,0.009554140127388535,0.012738853503184714,0.006369426751592357,0.006369426751592357,0.006369426751592357,0.006369426751592357,0.006369426751592357,0.006369426751592357,0.006369426751592357,0.006369426751592357,0.006369426751592357,0.006369426751592357
ఔ,0.016666666666666666,0.06666666666666667,0.016666666666666666,0.025,0.041666666666666664,0.24166666666666667,0.016666666666666666,0.05,0.025,0.016666666666666666,0.025,0.016666666666666666,0.016666666666666666,0.016666666666666666,0.016666666666666666,0.016666666666666666,0.016666666666666666,0.016666666666666666,0.016666666666666666,0.016666666666666666,0.041666666666666664,0.016666666666666666,0.016666666666666666,0.016666666666666666,0.03333333333333333,0.016666666666666666,0.025,0.025,0.016666666666666666,0.016666666666666666,0.016666666666666666,0.016666666666666666,0.016666666666666666,0.016666666666666666,0.016666666666666666
ప్రజలు,0.8013698630136986,0.0136986301369863,0.03424657534246575,0.0136986301369863,0.02054794520547945,0.0136986301369863,0.02054794520547945,0.02054794520547945,0.0136986301369863,0.0136986301369863,0.02054794520547945,0.0136986301369863
##త్రిక,0.6721991701244814,0.008298755186721992,0.012448132780082987,0.008298755186721992,0.016597510373443983,0.029045643153526972,0.03734439834024896,0.04979253112033195,0.008298755186721992,0.024896265560165973,0.012448132780082987,0.008298755186721992,0.016597510373443983,0.008298755186721992,0.008298755186721992,0.008298755186721992,0.008298755186721992,0.016597510373443983,0.016597510373443983,0.008298755186721992,0.008298755186721992,0.012448132780082987
వైద్య,0.8964879852125693,0.012939001848428836,0.0073937153419593345,0.0036968576709796672,0.0036968576709796672,0.0036968576709796672,0.0036968576709796672,0.005545286506469501,0.0036968576709796672,0.0073937153419593345,0.0036968576709796672,0.005545286506469501,0.0036968576709796672,0.005545286506469501,0.005545286506469501,0.0036968576709796672,0.0036968576709796672,0.0073937153419593345,0.0036968576709796672,0.0036968576709796672,0.005545286506469501
##టూ,0.7700348432055749,0.05226480836236934,0.006968641114982578,0.006968641114982578,0.010452961672473868,0.006968641114982578,0.006968641114982578,0.006968641114982578,0.006968641114982578,0.006968641114982578,0.006968641114982578,0.020905923344947737,0.017421602787456445,0.006968641114982578,0.006968641114982578,0.006968641114982578,0.010452961672473868,0.006968641114982578,0.006968641114982578,0.006968641114982578,0.006968641114982578,0.006968641114982578,0.006968641114982578
##ఉ,0.041666666666666664,0.5625,0.08333333333333333,0.041666666666666664,0.041666666666666664,0.1875,0.041666666666666664
వంటి,0.9666666666666667,0.0125,0.008333333333333333,0.004166666666666667,0.004166666666666667,0.004166666666666667
పురుషుల,0.9151515151515152,0.00909090909090909,0.006060606060606061,0.00909090909090909,0.006060606060606061,0.006060606060606061,0.015151515151515152,0.006060606060606061,0.006060606060606061,0.00909090909090909,0.006060606060606061,0.006060606060606061
దీనిని,0.9873949579831933,0.004201680672268907,0.004201680672268907,0.004201680672268907
##మిక,0.06060606060606061,0.6363636363636364,0.06060606060606061,0.06060606060606061,0.06060606060606061,0.06060606060606061,0.06060606060606061
ప్రధాన,0.9488372093023256,0.004651162790697674,0.013953488372093023,0.004651162790697674,0.004651162790697674,0.004651162790697674,0.004651162790697674,0.004651162790697674,0.004651162790697674,0.004651162790697674
##ంచే,0.7193877551020408,0.017857142857142856,0.00510204081632653,0.00510204081632653,0.007653061224489796,0.01020408163265306,0.007653061224489796,0.00510204081632653,0.007653061224489796,0.00510204081632653,0.00510204081632653,0.015306122448979591,0.012755102040816327,0.007653061224489796,0.01020408163265306,0.015306122448979591,0.00510204081632653,0.007653061224489796,0.012755102040816327,0.017857142857142856,0.00510204081632653,0.007653061224489796,0.01020408163265306,0.00510204081632653,0.00510204081632653,0.00510204081632653,0.00510204081632653,0.00510204081632653,0.00510204081632653,0.00510204081632653,0.00510204081632653,0.00510204081632653,0.00510204081632653,0.00510204081632653,0.00510204081632653,0.007653061224489796,0.007653061224489796
పూర్తి,0.975328947368421,0.004934210526315789,0.003289473684210526,0.003289473684210526,0.003289473684210526,0.003289473684210526,0.003289473684210526,0.003289473684210526
విత్తిన,0.006644518272425249,0.006644518272425249,0.009966777408637873,0.47840531561461797,0.006644518272425249,0.009966777408637873,0.006644518272425249,0.006644518272425249,0.006644518272425249,0.07641196013289037,0.013289036544850499,0.023255813953488372,0.006644518272425249,0.006644518272425249,0.006644518272425249,0.006644518272425249,0.016611295681063124,0.006644518272425249,0.006644518272425249,0.006644518272425249,0.006644518272425249,0.013289036544850499,0.009966777408637873,0.006644518272425249,0.009966777408637873,0.006644518272425249,0.009966777408637873,0.006644518272425249,0.006644518272425249,0.006644518272425249,0.009966777408637873,0.006644518272425249,0.009966777408637873,0.016611295681063124,0.009966777408637873,0.006644518272425249,0.006644518272425249,0.006644518272425249,0.013289036544850499,0.006644518272425249,0.006644518272425249,0.006644518272425249,0.006644518272425249,0.006644518272425249,0.006644518272425249,0.006644518272425249,0.019933554817275746,0.006644518272425249,0.006644518272425249,0.006644518272425249,0.006644518272425249,0.009966777408637873,0.006644518272425249,0.006644518272425249
మండల,0.8161209068010076,0.005037783375314861,0.010075566750629723,0.005037783375314861,0.012594458438287154,0.005037783375314861,0.007556675062972292,0.005037783375314861,0.012594458438287154,0.007556675062972292,0.005037783375314861,0.012594458438287154,0.007556675062972292,0.005037783375314861,0.005037783375314861,0.007556675062972292,0.005037783375314861,0.007556675062972292,0.005037783375314861,0.007556675062972292,0.005037783375314861,0.007556675062972292,0.005037783375314861,0.005037783375314861,0.005037783375314861,0.005037783375314861,0.005037783375314861,0.007556675062972292
జనన,0.14285714285714285,0.14285714285714285,0.14285714285714285,0.14285714285714285,0.2857142857142857,0.14285714285714285
గంటల,0.009316770186335404,0.7919254658385093,0.009316770186335404,0.006211180124223602,0.006211180124223602,0.006211180124223602,0.006211180124223602,0.040372670807453416,0.006211180124223602,0.006211180124223602,0.006211180124223602,0.006211180124223602,0.021739130434782608,0.006211180124223602,0.006211180124223602,0.006211180124223602,0.006211180124223602,0.006211180124223602,0.006211180124223602,0.006211180124223602,0.006211180124223602,0.006211180124223602,0.006211180124223602,0.009316770186335404,0.006211180124223602
ఏడాది,0.06666666666666667,0.43333333333333335,0.06666666666666667,0.06666666666666667,0.1,0.06666666666666667,0.06666666666666667,0.06666666666666667,0.06666666666666667
సేవా,0.08333333333333333,0.16666666666666666,0.08333333333333333,0.25,0.08333333333333333,0.125,0.08333333333333333,0.125
శాల,0.5714285714285714,0.03571428571428571,0.017857142857142856,0.017857142857142856,0.011904761904761904,0.1130952380952381,0.011904761904761904,0.011904761904761904,0.011904761904761904,0.017857142857142856,0.023809523809523808,0.023809523809523808,0.011904761904761904,0.011904761904761904,0.011904761904761904,0.011904761904761904,0.011904761904761904,0.011904761904761904,0.011904761904761904,0.011904761904761904,0.011904761904761904,0.011904761904761904,0.011904761904761904
శుద్ధి,0.9804241435562806,0.0032626427406199023,0.0032626427406199023,0.0032626427406199023,0.0032626427406199023,0.0032626427406199023,0.0032626427406199023
##1,0.9794392523364486,0.003738317757009346,0.003738317757009346,0.005607476635514018,0.003738317757009346,0.003738317757009346
##చారు,0.9762308998302207,0.003395585738539898,0.003395585738539898,0.003395585738539898,0.0050933786078098476,0.0050933786078098476,0.003395585738539898
సామాన్య,0.9811912225705329,0.003134796238244514,0.003134796238244514,0.003134796238244514,0.003134796238244514,0.003134796238244514,0.003134796238244514
##ానం,0.016,0.024,0.424,0.016,0.016,0.016,0.016,0.032,0.024,0.016,0.016,0.016,0.016,0.016,0.016,0.016,0.016,0.024,0.016,0.016,0.016,0.016,0.016,0.016,0.024,0.024,0.016,0.016,0.016,0.016,0.024,0.016,0.016
వల్ల,0.04054054054054054,0.06756756756756757,0.04054054054054054,0.02702702702702703,0.10810810810810811,0.04054054054054054,0.02702702702702703,0.02702702702702703,0.02702702702702703,0.04054054054054054,0.02702702702702703,0.04054054054054054,0.04054054054054054,0.06756756756756757,0.06756756756756757,0.02702702702702703,0.02702702702702703,0.02702702702702703,0.02702702702702703,0.02702702702702703,0.04054054054054054,0.02702702702702703,0.02702702702702703,0.02702702702702703,0.02702702702702703,0.02702702702702703
శాశ్వత,0.9876796714579056,0.004106776180698152,0.004106776180698152,0.004106776180698152
సంఖ్య,0.009433962264150943,0.7924528301886793,0.0330188679245283,0.02830188679245283,0.02358490566037736,0.009433962264150943,0.02830188679245283,0.014150943396226415,0.009433962264150943,0.009433962264150943,0.009433962264150943,0.014150943396226415,0.009433962264150943,0.009433962264150943
పాటు,0.0945945945945946,0.44594594594594594,0.11486486486486487,0.013513513513513514,0.013513513513513514,0.013513513513513514,0.013513513513513514,0.02027027027027027,0.013513513513513514,0.013513513513513514,0.013513513513513514,0.013513513513513514,0.02027027027027027,0.013513513513513514,0.02027027027027027,0.02027027027027027,0.013513513513513514,0.013513513513513514,0.013513513513513514,0.013513513513513514,0.02027027027027027,0.013513513513513514,0.013513513513513514,0.013513513513513514,0.013513513513513514,0.013513513513513514
పచ్చిక,0.125,0.1875,0.1875,0.125,0.125,0.125,0.125
##ారీ,0.8654970760233918,0.011695906432748537,0.017543859649122806,0.011695906432748537,0.011695906432748537,0.011695906432748537,0.011695906432748537,0.011695906432748537,0.011695906432748537,0.011695906432748537,0.011695906432748537,0.011695906432748537
ద్వారా,0.9755501222493888,0.004889975550122249,0.004889975550122249,0.004889975550122249,0.004889975550122249,0.004889975550122249
ప్రభుత్వ,0.9216152019002375,0.004750593824228029,0.004750593824228029,0.009501187648456057,0.004750593824228029,0.009501187648456057,0.007125890736342043,0.007125890736342043,0.004750593824228029,0.004750593824228029,0.007125890736342043,0.004750593824228029,0.004750593824228029,0.004750593824228029
గ్రామ,0.01818181818181818,0.35454545454545455,0.02727272727272727,0.02727272727272727,0.02727272727272727,0.05454545454545454,0.03636363636363636,0.01818181818181818,0.01818181818181818,0.01818181818181818,0.02727272727272727,0.03636363636363636,0.01818181818181818,0.02727272727272727,0.02727272727272727,0.02727272727272727,0.01818181818181818,0.01818181818181818,0.01818181818181818,0.01818181818181818,0.01818181818181818,0.01818181818181818,0.03636363636363636,0.01818181818181818,0.01818181818181818,0.01818181818181818,0.01818181818181818,0.01818181818181818
వద్ద,0.8796561604584527,0.0057306590257879654,0.008595988538681949,0.0057306590257879654,0.0057306590257879654,0.0057306590257879654,0.0057306590257879654,0.0057306590257879654,0.014326647564469915,0.0057306590257879654,0.0057306590257879654,0.008595988538681949,0.011461318051575931,0.0057306590257879654,0.0057306590257879654,0.008595988538681949,0.0057306590257879654,0.0057306590257879654
##హం,0.9,0.013793103448275862,0.034482758620689655,0.006896551724137931,0.010344827586206896,0.006896551724137931,0.006896551724137931,0.006896551724137931,0.006896551724137931,0.006896551724137931
##2,0.005797101449275362,0.8260869565217391,0.005797101449275362,0.005797101449275362,0.04057971014492753,0.008695652173913044,0.017391304347826087,0.008695652173913044,0.005797101449275362,0.005797101449275362,0.005797101449275362,0.008695652173913044,0.005797101449275362,0.005797101449275362,0.005797101449275362,0.005797101449275362,0.005797101449275362,0.005797101449275362,0.008695652173913044,0.005797101449275362,0.005797101449275362
బహిరంగ,0.016,0.04,0.016,0.24,0.032,0.024,0.024,0.016,0.016,0.016,0.016,0.016,0.016,0.016,0.016,0.016,0.024,0.032,0.024,0.016,0.04,0.016,0.016,0.016,0.016,0.016,0.016,0.016,0.016,0.016,0.024,0.016,0.048,0.016,0.016,0.016,0.016,0.016,0.016
##కన్,0.8875,0.00625,0.0125,0.00625,0.00625,0.00625,0.025,0.00625,0.0125,0.00625,0.00625,0.00625,0.00625,0.00625
నుంచి,0.3014354066985646,0.019138755980861243,0.07177033492822966,0.014354066985645933,0.07177033492822966,0.03349282296650718,0.009569377990430622,0.009569377990430622,0.014354066985645933,0.014354066985645933,0.009569377990430622,0.014354066985645933,0.009569377990430622,0.009569377990430622,0.03827751196172249,0.014354066985645933,0.009569377990430622,0.009569377990430622,0.009569377990430622,0.009569377990430622,0.009569377990430622,0.009569377990430622,0.009569377990430622,0.009569377990430622,0.009569377990430622,0.009569377990430622,0.009569377990430622,0.009569377990430622,0.009569377990430622,0.014354066985645933,0.009569377990430622,0.009569377990430622,0.009569377990430622,0.009569377990430622,0.009569377990430622,0.014354066985645933,0.028708133971291867,0.009569377990430622,0.009569377990430622,0.009569377990430622,0.009569377990430622,0.009569377990430622,0.009569377990430622,0.009569377990430622,0.009569377990430622,0.014354066985645933,0.014354066985645933,0.009569377990430622
é,0.10377358490566038,0.018867924528301886,0.018867924528301886,0.02830188679245283,0.018867924528301886,0.018867924528301886,0.018867924528301886,0.018867924528301886,0.03773584905660377,0.018867924528301886,0.10377358490566038,0.07547169811320754,0.02830188679245283,0.018867924528301886,0.018867924528301886,0.018867924528301886,0.02830188679245283,0.02830188679245283,0.05660377358490566,0.018867924528301886,0.018867924528301886,0.018867924528301886,0.018867924528301886,0.018867924528301886,0.018867924528301886,0.018867924528301886,0.018867924528301886,0.018867924528301886,0.018867924528301886,0.018867924528301886,0.018867924528301886,0.018867924528301886,0.018867924528301886,0.018867924528301886,0.018867924528301886,0.018867924528301886
వివిధ,0.8776371308016878,0.004219409282700422,0.004219409282700422,0.004219409282700422,0.008438818565400843,0.004219409282700422,0.008438818565400843,0.004219409282700422,0.006329113924050633,0.010548523206751054,0.004219409282700422,0.004219409282700422,0.004219409282700422,0.004219409282700422,0.006329113924050633,0.006329113924050633,0.006329113924050633,0.004219409282700422,0.004219409282700422,0.006329113924050633,0.004219409282700422,0.004219409282700422,0.004219409282700422,0.004219409282700422
##సభ,0.378698224852071,0.01775147928994083,0.011834319526627219,0.01775147928994083,0.029585798816568046,0.01775147928994083,0.04142011834319527,0.011834319526627219,0.01775147928994083,0.011834319526627219,0.023668639053254437,0.029585798816568046,0.011834319526627219,0.023668639053254437,0.011834319526627219,0.011834319526627219,0.01775147928994083,0.011834319526627219,0.011834319526627219,0.011834319526627219,0.011834319526627219,0.011834319526627219,0.011834319526627219,0.011834319526627219,0.011834319526627219,0.011834319526627219,0.011834319526627219,0.011834319526627219,0.01775147928994083,0.011834319526627219,0.01775147928994083,0.011834319526627219,0.011834319526627219,0.01775147928994083,0.011834319526627219,0.011834319526627219,0.011834319526627219,0.023668639053254437,0.011834319526627219,0.011834319526627219,0.011834319526627219
ఛ,0.4956896551724138,0.01293103448275862,0.008620689655172414,0.01293103448275862,0.008620689655172414,0.03879310344827586,0.02586206896551724,0.021551724137931036,0.008620689655172414,0.01293103448275862,0.04310344827586207,0.04310344827586207,0.01293103448275862,0.03879310344827586,0.008620689655172414,0.021551724137931036,0.017241379310344827,0.01293103448275862,0.008620689655172414,0.008620689655172414,0.021551724137931036,0.008620689655172414,0.008620689655172414,0.008620689655172414,0.008620689655172414,0.01293103448275862,0.008620689655172414,0.01293103448275862,0.008620689655172414,0.01293103448275862,0.008620689655172414,0.008620689655172414,0.008620689655172414
సహాయక,0.7802197802197802,0.004395604395604396,0.004395604395604396,0.004395604395604396,0.026373626373626374,0.006593406593406593,0.006593406593406593,0.006593406593406593,0.004395604395604396,0.004395604395604396,0.004395604395604396,0.004395604395604396,0.004395604395604396,0.004395604395604396,0.004395604395604396,0.004395604395604396,0.004395604395604396,0.004395604395604396,0.004395604395604396,0.01978021978021978,0.004395604395604396,0.006593406593406593,0.004395604395604396,0.004395604395604396,0.004395604395604396,0.004395604395604396,0.006593406593406593,0.004395604395604396,0.006593406593406593,0.006593406593406593,0.004395604395604396,0.004395604395604396,0.006593406593406593,0.004395604395604396,0.004395604395604396,0.004395604395604396,0.004395604395604396,0.006593406593406593
##యర్,0.05405405405405406,0.05405405405405406,0.2702702702702703,0.05405405405405406,0.05405405405405406,0.05405405405405406,0.05405405405405406,0.05405405405405406,0.08108108108108109,0.05405405405405406,0.05405405405405406,0.05405405405405406,0.05405405405405406,0.05405405405405406
లేదా,0.9302325581395349,0.005813953488372093,0.003875968992248062,0.003875968992248062,0.005813953488372093,0.003875968992248062,0.005813953488372093,0.003875968992248062,0.003875968992248062,0.005813953488372093,0.007751937984496124,0.003875968992248062,0.003875968992248062,0.003875968992248062,0.003875968992248062,0.003875968992248062
##అ,0.09090909090909091,0.2727272727272727,0.09090909090909091,0.18181818181818182,0.09090909090909091,0.09090909090909091,0.09090909090909091,0.09090909090909091
##ందీ,0.9889349930843707,0.0027662517289073307,0.0027662517289073307,0.005532503457814661
##్లో,0.8050632911392405,0.005063291139240506,0.005063291139240506,0.005063291139240506,0.005063291139240506,0.007594936708860759,0.027848101265822784,0.005063291139240506,0.005063291139240506,0.005063291139240506,0.005063291139240506,0.005063291139240506,0.007594936708860759,0.010126582278481013,0.010126582278481013,0.007594936708860759,0.005063291139240506,0.007594936708860759,0.005063291139240506,0.005063291139240506,0.007594936708860759,0.005063291139240506,0.007594936708860759,0.005063291139240506,0.005063291139240506,0.007594936708860759,0.005063291139240506,0.007594936708860759,0.005063291139240506
##ధారణ,0.08333333333333333,0.2222222222222222,0.05555555555555555,0.05555555555555555,0.05555555555555555,0.08333333333333333,0.05555555555555555,0.05555555555555555,0.05555555555555555,0.05555555555555555,0.05555555555555555,0.05555555555555555,0.05555555555555555,0.05555555555555555
##తారు,0.7242798353909465,0.01646090534979424,0.01646090534979424,0.00823045267489712,0.00823045267489712,0.00823045267489712,0.012345679012345678,0.012345679012345678,0.00823045267489712,0.00823045267489712,0.012345679012345678,0.012345679012345678,0.00823045267489712,0.00823045267489712,0.00823045267489712,0.012345679012345678,0.00823045267489712,0.00823045267489712,0.00823045267489712,0.00823045267489712,0.00823045267489712,0.00823045267489712,0.00823045267489712,0.00823045267489712,0.00823045267489712,0.00823045267489712,0.00823045267489712,0.00823045267489712,0.00823045267489712,0.00823045267489712
సహకార,0.2,0.05,0.05,0.075,0.05,0.05,0.05,0.05,0.175,0.05,0.1,0.05,0.05
గురించి,0.020618556701030927,0.020618556701030927,0.020618556701030927,0.041237113402061855,0.030927835051546393,0.05154639175257732,0.020618556701030927,0.020618556701030927,0.030927835051546393,0.05154639175257732,0.020618556701030927,0.020618556701030927,0.020618556701030927,0.020618556701030927,0.020618556701030927,0.020618556701030927,0.12371134020618557,0.020618556701030927,0.030927835051546393,0.020618556701030927,0.020618556701030927,0.020618556701030927,0.030927835051546393,0.030927835051546393,0.020618556701030927,0.020618556701030927,0.020618556701030927,0.020618556701030927,0.020618556701030927,0.020618556701030927,0.020618556701030927,0.020618556701030927,0.020618556701030927,0.020618556701030927,0.020618556701030927,0.020618556701030927,0.020618556701030927
వీధుల,0.8222222222222222,0.022222222222222223,0.022222222222222223,0.022222222222222223,0.022222222222222223,0.022222222222222223,0.022222222222222223,0.022222222222222223,0.022222222222222223
##ాలకు,0.014084507042253521,0.014084507042253521,0.4084507042253521,0.08450704225352113,0.014084507042253521,0.014084507042253521,0.16901408450704225,0.014084507042253521,0.014084507042253521,0.014084507042253521,0.014084507042253521,0.014084507042253521,0.014084507042253521,0.014084507042253521,0.014084507042253521,0.02112676056338028,0.014084507042253521,0.014084507042253521,0.014084507042253521,0.014084507042253521,0.014084507042253521,0.014084507042253521,0.014084507042253521,0.014084507042253521,0.02112676056338028,0.014084507042253521
##పేట,0.8371134020618557,0.004123711340206186,0.03917525773195876,0.02268041237113402,0.006185567010309278,0.006185567010309278,0.004123711340206186,0.012371134020618556,0.004123711340206186,0.004123711340206186,0.004123711340206186,0.006185567010309278,0.004123711340206186,0.004123711340206186,0.004123711340206186,0.008247422680412371,0.004123711340206186,0.004123711340206186,0.004123711340206186,0.004123711340206186,0.004123711340206186,0.004123711340206186,0.004123711340206186
##బాదు,0.9548872180451128,0.0037593984962406013,0.007518796992481203,0.0037593984962406013,0.0037593984962406013,0.0037593984962406013,0.007518796992481203,0.0037593984962406013,0.0037593984962406013,0.0037593984962406013,0.0037593984962406013
ఆశా,0.013333333333333334,0.013333333333333334,0.07333333333333333,0.26666666666666666,0.02,0.14,0.013333333333333334,0.03333333333333333,0.013333333333333334,0.013333333333333334,0.013333333333333334,0.013333333333333334,0.013333333333333334,0.013333333333333334,0.02666666666666667,0.013333333333333334,0.013333333333333334,0.04,0.02666666666666667,0.02,0.013333333333333334,0.013333333333333334,0.013333333333333334,0.02,0.013333333333333334,0.013333333333333334,0.013333333333333334,0.013333333333333334,0.013333333333333334,0.013333333333333334,0.013333333333333334,0.013333333333333334,0.013333333333333334,0.013333333333333334,0.013333333333333334
సంస్థ,0.9366197183098591,0.035211267605633804,0.0035211267605633804,0.0035211267605633804,0.00528169014084507,0.0035211267605633804,0.0035211267605633804,0.0035211267605633804,0.00528169014084507
##కున్నారు,0.4699248120300752,0.04887218045112782,0.007518796992481203,0.011278195488721804,0.007518796992481203,0.018796992481203006,0.011278195488721804,0.007518796992481203,0.007518796992481203,0.007518796992481203,0.011278195488721804,0.007518796992481203,0.015037593984962405,0.007518796992481203,0.007518796992481203,0.011278195488721804,0.007518796992481203,0.007518796992481203,0.007518796992481203,0.007518796992481203,0.007518796992481203,0.011278195488721804,0.02631578947368421,0.007518796992481203,0.007518796992481203,0.007518796992481203,0.011278195488721804,0.011278195488721804,0.007518796992481203,0.018796992481203006,0.011278195488721804,0.007518796992481203,0.015037593984962405,0.03007518796992481,0.007518796992481203,0.007518796992481203,0.007518796992481203,0.011278195488721804,0.007518796992481203,0.007518796992481203,0.007518796992481203,0.007518796992481203,0.007518796992481203,0.007518796992481203,0.015037593984962405,0.007518796992481203,0.007518796992481203,0.007518796992481203,0.007518796992481203,0.007518796992481203
##3,0.9640591966173362,0.008456659619450317,0.004228329809725159,0.004228329809725159,0.004228329809725159,0.004228329809725159,0.006342494714587738,0.004228329809725159
!,0.7546468401486989,0.040892193308550186,0.011152416356877323,0.007434944237918215,0.007434944237918215,0.007434944237918215,0.011152416356877323,0.007434944237918215,0.011152416356877323,0.007434944237918215,0.007434944237918215,0.007434944237918215,0.026022304832713755,0.007434944237918215,0.007434944237918215,0.007434944237918215,0.011152416356877323,0.007434944237918215,0.011152416356877323,0.011152416356877323,0.007434944237918215,0.007434944237918215,0.007434944237918215,0.007434944237918215
ఆరోగ్య,0.10465116279069768,0.09302325581395349,0.03488372093023256,0.046511627906976744,0.023255813953488372,0.023255813953488372,0.023255813953488372,0.023255813953488372,0.023255813953488372,0.16279069767441862,0.03488372093023256,0.023255813953488372,0.023255813953488372,0.023255813953488372,0.023255813953488372,0.03488372093023256,0.023255813953488372,0.023255813953488372,0.023255813953488372,0.023255813953488372,0.023255813953488372,0.03488372093023256,0.023255813953488372,0.03488372093023256,0.023255813953488372,0.023255813953488372,0.023255813953488372
ఋ,0.975609756097561,0.003048780487804878,0.003048780487804878,0.006097560975609756,0.003048780487804878,0.003048780487804878,0.003048780487804878,0.003048780487804878
థ,0.2979591836734694,0.0163265306122449,0.012244897959183673,0.00816326530612245,0.08163265306122448,0.06938775510204082,0.00816326530612245,0.012244897959183673,0.00816326530612245,0.02040816326530612,0.00816326530612245,0.02857142857142857,0.0163265306122449,0.00816326530612245,0.00816326530612245,0.00816326530612245,0.00816326530612245,0.0163265306122449,0.00816326530612245,0.012244897959183673,0.00816326530612245,0.044897959183673466,0.0163265306122449,0.012244897959183673,0.00816326530612245,0.00816326530612245,0.00816326530612245,0.00816326530612245,0.00816326530612245,0.00816326530612245,0.00816326530612245,0.00816326530612245,0.00816326530612245,0.00816326530612245,0.012244897959183673,0.00816326530612245,0.00816326530612245,0.00816326530612245,0.00816326530612245,0.00816326530612245,0.00816326530612245,0.00816326530612245,0.012244897959183673,0.00816326530612245,0.00816326530612245,0.00816326530612245,0.00816326530612245,0.012244897959183673,0.024489795918367346,0.012244897959183673,0.00816326530612245,0.00816326530612245
